0,8,xvASiipvDNRnZmij1WnRQX53ZH4=,3iDLBFZ1j/JIknRIGFOXRRkHs2M=
0,0,xvASiipvDNRnZmij1WnRQX53ZH4=,gVJQ1imiIhX5v7ERWB4NBUWsfyk=
0,4,xvASiipvDNRnZmij1WnRQX53ZH4=,wwBIthkLVbcyOHiJ59aA8clRcqw=
0,9,xvASiipvDNRnZmij1WnRQX53ZH4=,gVJQ1imiIhX5v7ERWB4NBUWsfyk=
0,1,xvASiipvDNRnZmij1WnRQX53ZH4=,gVJQ1imiIhX5v7ERWB4NBUWsfyk=
0,2,xvASiipvDNRnZmij1WnRQX53ZH4=,gVJQ1imiIhX5v7ERWB4NBUWsfyk=
0,6,xvASiipvDNRnZmij1WnRQX53ZH4=,gVJQ1imiIhX5v7ERWB4NBUWsfyk=
0,3,xvASiipvDNRnZmij1WnRQX53ZH4=,gVJQ1imiIhX5v7ERWB4NBUWsfyk=
0,7,xvASiipvDNRnZmij1WnRQX53ZH4=,gVJQ1imiIhX5v7ERWB4NBUWsfyk=
0,5,xvASiipvDNRnZmij1WnRQX53ZH4=,eckr6wCw9XhGzVxtTZK2eCbR5Nw=
1,5,xvASiipvDNRnZmij1WnRQX53ZH4=,gVJQ1imiIhX5v7ERWB4NBUWsfyk=
1,1,xvASiipvDNRnZmij1WnRQX53ZH4=,eckr6wCw9XhGzVxtTZK2eCbR5Nw=
1,9,xvASiipvDNRnZmij1WnRQX53ZH4=,eckr6wCw9XhGzVxtTZK2eCbR5Nw=
1,4,xvASiipvDNRnZmij1WnRQX53ZH4=,gVJQ1imiIhX5v7ERWB4NBUWsfyk=
1,0,xvASiipvDNRnZmij1WnRQX53ZH4=,gVJQ1imiIhX5v7ERWB4NBUWsfyk=
1,8,xvASiipvDNRnZmij1WnRQX53ZH4=,gVJQ1imiIhX5v7ERWB4NBUWsfyk=
1,7,xvASiipvDNRnZmij1WnRQX53ZH4=,gVJQ1imiIhX5v7ERWB4NBUWsfyk=
1,3,xvASiipvDNRnZmij1WnRQX53ZH4=,eckr6wCw9XhGzVxtTZK2eCbR5Nw=
1,6,xvASiipvDNRnZmij1WnRQX53ZH4=,gVJQ1imiIhX5v7ERWB4NBUWsfyk=
1,2,xvASiipvDNRnZmij1WnRQX53ZH4=,eckr6wCw9XhGzVxtTZK2eCbR5Nw=
1,10,xvASiipvDNRnZmij1WnRQX53ZH4=,CQUCbHlKn9h+U40LfWx56F2quoI=
2,6,xvASiipvDNRnZmij1WnRQX53ZH4=,eckr6wCw9XhGzVxtTZK2eCbR5Nw=
2,7,xvASiipvDNRnZmij1WnRQX53ZH4=,eckr6wCw9XhGzVxtTZK2eCbR5Nw=
2,0,xvASiipvDNRnZmij1WnRQX53ZH4=,eckr6wCw9XhGzVxtTZK2eCbR5Nw=
2,4,xvASiipvDNRnZmij1WnRQX53ZH4=,CQUCbHlKn9h+U40LfWx56F2quoI=
2,5,xvASiipvDNRnZmij1WnRQX53ZH4=,eckr6wCw9XhGzVxtTZK2eCbR5Nw=
2,8,xvASiipvDNRnZmij1WnRQX53ZH4=,eckr6wCw9XhGzVxtTZK2eCbR5Nw=
2,2,xvASiipvDNRnZmij1WnRQX53ZH4=,CQUCbHlKn9h+U40LfWx56F2quoI=
