-55,61,/cjTFcWzjCvRjQEwb27JlYbLDrw=,upKxvPhuCYn0R7oLUWxEoeXcCMI=
-55,62,/cjTFcWzjCvRjQEwb27JlYbLDrw=,m5ocF1d4PyAZhS9gv+lukXPpgG4=
-54,61,/cjTFcWzjCvRjQEwb27JlYbLDrw=,07dM65jxmAJgzkIl9W0EG1hgaJQ=
-54,62,/cjTFcWzjCvRjQEwb27JlYbLDrw=,MWZsQR3DeWVNP9Md3Kbl/p6qmPU=
-50,60,/cjTFcWzjCvRjQEwb27JlYbLDrw=,vakx3F2+jMoxAUz3kdX39pQxhTc=
-52,61,tGfto49iSZBezNMlj7cp6o9HLIs=,oVHUIqv6moos9JS+8rS2jr0tkYQ=
-52,62,tGfto49iSZBezNMlj7cp6o9HLIs=,nDdcY/JCM12Inbxgsjd8Dp1Pmq8=
-53,61,tGfto49iSZBezNMlj7cp6o9HLIs=,07dM65jxmAJgzkIl9W0EG1hgaJQ=
-53,62,tGfto49iSZBezNMlj7cp6o9HLIs=,MWZsQR3DeWVNP9Md3Kbl/p6qmPU=
-51,60,tGfto49iSZBezNMlj7cp6o9HLIs=,oVHUIqv6moos9JS+8rS2jr0tkYQ=
-50,59,tGfto49iSZBezNMlj7cp6o9HLIs=,mIB9eH7KY+xs+aJup6CzSkGANS4=
-51,59,tGfto49iSZBezNMlj7cp6o9HLIs=,PI/rnU7ELOYw5zyrwIAdglmV6vE=
-50,57,tGfto49iSZBezNMlj7cp6o9HLIs=,rDb+uL9cJ4bmoYTTRMTcQUOGC6E=
-51,58,tGfto49iSZBezNMlj7cp6o9HLIs=,PI/rnU7ELOYw5zyrwIAdglmV6vE=
-52,59,tGfto49iSZBezNMlj7cp6o9HLIs=,PI/rnU7ELOYw5zyrwIAdglmV6vE=
-52,60,tGfto49iSZBezNMlj7cp6o9HLIs=,oVHUIqv6moos9JS+8rS2jr0tkYQ=
-53,60,tGfto49iSZBezNMlj7cp6o9HLIs=,07dM65jxmAJgzkIl9W0EG1hgaJQ=
-50,58,tGfto49iSZBezNMlj7cp6o9HLIs=,mIB9eH7KY+xs+aJup6CzSkGANS4=
-52,58,tGfto49iSZBezNMlj7cp6o9HLIs=,PI/rnU7ELOYw5zyrwIAdglmV6vE=
-53,59,tGfto49iSZBezNMlj7cp6o9HLIs=,fVsGcOPXv09Ubk4ilTXlMHUoB1I=
-51,57,tGfto49iSZBezNMlj7cp6o9HLIs=,3r1oaaJK7BFXtLKPWkbFfNP3Opk=
-53,58,6iCbI9VMqhzgsSx0ZZ8+C/gq0zY=,fVsGcOPXv09Ubk4ilTXlMHUoB1I=
-53,57,6iCbI9VMqhzgsSx0ZZ8+C/gq0zY=,7dNyON+yTCZbTx56pUQ1vy2f/ZI=
-52,57,6iCbI9VMqhzgsSx0ZZ8+C/gq0zY=,3r1oaaJK7BFXtLKPWkbFfNP3Opk=
-53,55,6iCbI9VMqhzgsSx0ZZ8+C/gq0zY=,sASC4ShtxTU5zhBx0kYbtmD6XQM=
-52,55,6iCbI9VMqhzgsSx0ZZ8+C/gq0zY=,sIOWNNOEtFKx6PD4GEG082cdTf0=
-53,56,6iCbI9VMqhzgsSx0ZZ8+C/gq0zY=,7dNyON+yTCZbTx56pUQ1vy2f/ZI=
-54,53,6iCbI9VMqhzgsSx0ZZ8+C/gq0zY=,599b/lOkHLIG/7QmhZ4aSqBjGPM=
-55,54,6iCbI9VMqhzgsSx0ZZ8+C/gq0zY=,fTRHmViVLrOYxr+8FJs5XzPClts=
-55,53,6iCbI9VMqhzgsSx0ZZ8+C/gq0zY=,lakOy9l5RLLR1CxgqMrTsAwS2lE=
-54,54,6iCbI9VMqhzgsSx0ZZ8+C/gq0zY=,sASC4ShtxTU5zhBx0kYbtmD6XQM=
-52,56,6iCbI9VMqhzgsSx0ZZ8+C/gq0zY=,3r1oaaJK7BFXtLKPWkbFfNP3Opk=
-53,53,6iCbI9VMqhzgsSx0ZZ8+C/gq0zY=,599b/lOkHLIG/7QmhZ4aSqBjGPM=
-52,53,6iCbI9VMqhzgsSx0ZZ8+C/gq0zY=,GQEIGBrECs5q1jZGyx1ZKrsWHZ8=
-53,54,6iCbI9VMqhzgsSx0ZZ8+C/gq0zY=,sASC4ShtxTU5zhBx0kYbtmD6XQM=
-52,54,6iCbI9VMqhzgsSx0ZZ8+C/gq0zY=,sIOWNNOEtFKx6PD4GEG082cdTf0=
-54,51,U7WGqbcv+W9EvolyvuYwqsMEf64=,Au/W+/BKJguorfklhNc49b5cTBA=
-55,52,U7WGqbcv+W9EvolyvuYwqsMEf64=,lakOy9l5RLLR1CxgqMrTsAwS2lE=
-55,51,U7WGqbcv+W9EvolyvuYwqsMEf64=,Cw8qLfGcSkrYgx5P6ZJOX+qi1Rs=
-54,52,U7WGqbcv+W9EvolyvuYwqsMEf64=,599b/lOkHLIG/7QmhZ4aSqBjGPM=
-53,51,U7WGqbcv+W9EvolyvuYwqsMEf64=,Au/W+/BKJguorfklhNc49b5cTBA=
-52,51,U7WGqbcv+W9EvolyvuYwqsMEf64=,P61N/JfBPnFhweFP832rmQrOWIw=
-52,52,U7WGqbcv+W9EvolyvuYwqsMEf64=,GQEIGBrECs5q1jZGyx1ZKrsWHZ8=
-53,52,U7WGqbcv+W9EvolyvuYwqsMEf64=,599b/lOkHLIG/7QmhZ4aSqBjGPM=
-50,51,U7WGqbcv+W9EvolyvuYwqsMEf64=,yv6eEmKwKz+4/BtkxtyTvA1WIBE=
-51,51,U7WGqbcv+W9EvolyvuYwqsMEf64=,P61N/JfBPnFhweFP832rmQrOWIw=
-51,52,U7WGqbcv+W9EvolyvuYwqsMEf64=,GQEIGBrECs5q1jZGyx1ZKrsWHZ8=
-50,52,U7WGqbcv+W9EvolyvuYwqsMEf64=,rgsapY/K4vlEr14fhQMXbL9oEFE=
-57,52,U7WGqbcv+W9EvolyvuYwqsMEf64=,q3lp+Ep5VTCit6N5ylsyjTLNQY0=
-56,52,U7WGqbcv+W9EvolyvuYwqsMEf64=,lakOy9l5RLLR1CxgqMrTsAwS2lE=
-56,51,U7WGqbcv+W9EvolyvuYwqsMEf64=,Cw8qLfGcSkrYgx5P6ZJOX+qi1Rs=
-57,51,U7WGqbcv+W9EvolyvuYwqsMEf64=,yVYAcFv3Q/AJRKyTSfMbdJpTD2E=
-50,50,U7WGqbcv+W9EvolyvuYwqsMEf64=,yv6eEmKwKz+4/BtkxtyTvA1WIBE=
-49,49,U7WGqbcv+W9EvolyvuYwqsMEf64=,X1VatZ6M7oD6hHuzJLKWISi1YH8=
-51,50,U7WGqbcv+W9EvolyvuYwqsMEf64=,P61N/JfBPnFhweFP832rmQrOWIw=
-49,50,U7WGqbcv+W9EvolyvuYwqsMEf64=,yv6eEmKwKz+4/BtkxtyTvA1WIBE=
-50,49,U7WGqbcv+W9EvolyvuYwqsMEf64=,X1VatZ6M7oD6hHuzJLKWISi1YH8=
-49,51,U7WGqbcv+W9EvolyvuYwqsMEf64=,yv6eEmKwKz+4/BtkxtyTvA1WIBE=
-49,52,U7WGqbcv+W9EvolyvuYwqsMEf64=,rgsapY/K4vlEr14fhQMXbL9oEFE=
-49,60,VzK++v4eZ4vIW57WuE4J6etzv7E=,vakx3F2+jMoxAUz3kdX39pQxhTc=
-49,57,VzK++v4eZ4vIW57WuE4J6etzv7E=,rDb+uL9cJ4bmoYTTRMTcQUOGC6E=
-51,53,VzK++v4eZ4vIW57WuE4J6etzv7E=,GQEIGBrECs5q1jZGyx1ZKrsWHZ8=
-51,54,VzK++v4eZ4vIW57WuE4J6etzv7E=,sIOWNNOEtFKx6PD4GEG082cdTf0=
-50,53,VzK++v4eZ4vIW57WuE4J6etzv7E=,rgsapY/K4vlEr14fhQMXbL9oEFE=
-49,58,VzK++v4eZ4vIW57WuE4J6etzv7E=,mIB9eH7KY+xs+aJup6CzSkGANS4=
-50,54,VzK++v4eZ4vIW57WuE4J6etzv7E=,fxEMeaDlshtwqMlt3i/KIrUrfRw=
-49,53,VzK++v4eZ4vIW57WuE4J6etzv7E=,rgsapY/K4vlEr14fhQMXbL9oEFE=
-49,56,VzK++v4eZ4vIW57WuE4J6etzv7E=,rDb+uL9cJ4bmoYTTRMTcQUOGC6E=
-49,54,VzK++v4eZ4vIW57WuE4J6etzv7E=,fxEMeaDlshtwqMlt3i/KIrUrfRw=
-50,55,VzK++v4eZ4vIW57WuE4J6etzv7E=,fxEMeaDlshtwqMlt3i/KIrUrfRw=
-51,55,VzK++v4eZ4vIW57WuE4J6etzv7E=,sIOWNNOEtFKx6PD4GEG082cdTf0=
-49,55,VzK++v4eZ4vIW57WuE4J6etzv7E=,fxEMeaDlshtwqMlt3i/KIrUrfRw=
-49,59,VzK++v4eZ4vIW57WuE4J6etzv7E=,mIB9eH7KY+xs+aJup6CzSkGANS4=
-50,56,VzK++v4eZ4vIW57WuE4J6etzv7E=,rDb+uL9cJ4bmoYTTRMTcQUOGC6E=
-55,63,VzK++v4eZ4vIW57WuE4J6etzv7E=,m5ocF1d4PyAZhS9gv+lukXPpgG4=
-50,61,VzK++v4eZ4vIW57WuE4J6etzv7E=,vakx3F2+jMoxAUz3kdX39pQxhTc=
-51,56,VzK++v4eZ4vIW57WuE4J6etzv7E=,3r1oaaJK7BFXtLKPWkbFfNP3Opk=
-49,61,VzK++v4eZ4vIW57WuE4J6etzv7E=,vakx3F2+jMoxAUz3kdX39pQxhTc=
-51,62,VzK++v4eZ4vIW57WuE4J6etzv7E=,nDdcY/JCM12Inbxgsjd8Dp1Pmq8=
-51,63,VzK++v4eZ4vIW57WuE4J6etzv7E=,nDdcY/JCM12Inbxgsjd8Dp1Pmq8=
-51,61,VzK++v4eZ4vIW57WuE4J6etzv7E=,oVHUIqv6moos9JS+8rS2jr0tkYQ=
-50,63,VzK++v4eZ4vIW57WuE4J6etzv7E=,LS9bI8Z1vCPrZzdURakjBt3d1+Y=
-54,63,VzK++v4eZ4vIW57WuE4J6etzv7E=,MWZsQR3DeWVNP9Md3Kbl/p6qmPU=
-52,63,VzK++v4eZ4vIW57WuE4J6etzv7E=,nDdcY/JCM12Inbxgsjd8Dp1Pmq8=
-50,62,VzK++v4eZ4vIW57WuE4J6etzv7E=,LS9bI8Z1vCPrZzdURakjBt3d1+Y=
-49,62,VzK++v4eZ4vIW57WuE4J6etzv7E=,LS9bI8Z1vCPrZzdURakjBt3d1+Y=
-53,63,VzK++v4eZ4vIW57WuE4J6etzv7E=,MWZsQR3DeWVNP9Md3Kbl/p6qmPU=
-56,63,nPHdyzcJ5y/k4PGMstxEmljitK4=,m5ocF1d4PyAZhS9gv+lukXPpgG4=
-57,61,nPHdyzcJ5y/k4PGMstxEmljitK4=,y/HyCu/oJWzclPBY5/YoQ/+B43A=
-57,63,nPHdyzcJ5y/k4PGMstxEmljitK4=,eM5lu5oYF0zG9lqaHqrlslYNgoA=
-57,62,nPHdyzcJ5y/k4PGMstxEmljitK4=,eM5lu5oYF0zG9lqaHqrlslYNgoA=
-56,62,nPHdyzcJ5y/k4PGMstxEmljitK4=,m5ocF1d4PyAZhS9gv+lukXPpgG4=
-56,61,nPHdyzcJ5y/k4PGMstxEmljitK4=,upKxvPhuCYn0R7oLUWxEoeXcCMI=
-61,59,nPHdyzcJ5y/k4PGMstxEmljitK4=,MCoSXcPE1aYOgbNO/VYFcOgzHKg=
-60,59,nPHdyzcJ5y/k4PGMstxEmljitK4=,1yhrQUNc6Y00bXUgdCLDC6k73bU=
-61,60,nPHdyzcJ5y/k4PGMstxEmljitK4=,EbaInSlHtPnHDjEEEIFRZivaZAY=
-59,59,nPHdyzcJ5y/k4PGMstxEmljitK4=,1yhrQUNc6Y00bXUgdCLDC6k73bU=
-60,60,nPHdyzcJ5y/k4PGMstxEmljitK4=,If+Liq43X/GaVSsjUiKQHPu5m+8=
-59,60,nPHdyzcJ5y/k4PGMstxEmljitK4=,If+Liq43X/GaVSsjUiKQHPu5m+8=
-58,59,nPHdyzcJ5y/k4PGMstxEmljitK4=,DoiPMcIrLEk+0JsgJbaepfo1QLA=
-58,60,nPHdyzcJ5y/k4PGMstxEmljitK4=,y/HyCu/oJWzclPBY5/YoQ/+B43A=
-63,59,rwWMKKaP6U+oqKwfCkr2amrA5jY=,7K2wB9V6kH8CCo/SEkv/3IIFzb4=
-63,60,rwWMKKaP6U+oqKwfCkr2amrA5jY=,0ELmzwB+xLNmjuCZ05/zU6dBuMo=
-62,60,rwWMKKaP6U+oqKwfCkr2amrA5jY=,EbaInSlHtPnHDjEEEIFRZivaZAY=
-62,59,rwWMKKaP6U+oqKwfCkr2amrA5jY=,MCoSXcPE1aYOgbNO/VYFcOgzHKg=
-63,61,rwWMKKaP6U+oqKwfCkr2amrA5jY=,0ELmzwB+xLNmjuCZ05/zU6dBuMo=
-63,62,rwWMKKaP6U+oqKwfCkr2amrA5jY=,q9uaDhSPGCMhRkTkywDrWQl5dUI=
-62,61,rwWMKKaP6U+oqKwfCkr2amrA5jY=,EbaInSlHtPnHDjEEEIFRZivaZAY=
-62,62,rwWMKKaP6U+oqKwfCkr2amrA5jY=,paPNUxBwqVkHcbwtBflNOKZdZto=
-61,57,rwWMKKaP6U+oqKwfCkr2amrA5jY=,TlVtmo935e+fgrkqOZhKdc4C6Vo=
-60,57,rwWMKKaP6U+oqKwfCkr2amrA5jY=,EqHCVfpUGHZnEq26AYjp+lt6L5E=
-61,61,rwWMKKaP6U+oqKwfCkr2amrA5jY=,EbaInSlHtPnHDjEEEIFRZivaZAY=
-60,58,rwWMKKaP6U+oqKwfCkr2amrA5jY=,1yhrQUNc6Y00bXUgdCLDC6k73bU=
-61,58,rwWMKKaP6U+oqKwfCkr2amrA5jY=,MCoSXcPE1aYOgbNO/VYFcOgzHKg=
-58,51,rwWMKKaP6U+oqKwfCkr2amrA5jY=,yVYAcFv3Q/AJRKyTSfMbdJpTD2E=
-58,52,rwWMKKaP6U+oqKwfCkr2amrA5jY=,q3lp+Ep5VTCit6N5ylsyjTLNQY0=
-58,61,rwWMKKaP6U+oqKwfCkr2amrA5jY=,y/HyCu/oJWzclPBY5/YoQ/+B43A=
-61,62,rwWMKKaP6U+oqKwfCkr2amrA5jY=,paPNUxBwqVkHcbwtBflNOKZdZto=
-59,61,rwWMKKaP6U+oqKwfCkr2amrA5jY=,If+Liq43X/GaVSsjUiKQHPu5m+8=
-60,61,rwWMKKaP6U+oqKwfCkr2amrA5jY=,If+Liq43X/GaVSsjUiKQHPu5m+8=
-59,57,rwWMKKaP6U+oqKwfCkr2amrA5jY=,EqHCVfpUGHZnEq26AYjp+lt6L5E=
-58,57,rwWMKKaP6U+oqKwfCkr2amrA5jY=,JT38Svlqe33YmAu46MyilV2uNI4=
-58,62,rwWMKKaP6U+oqKwfCkr2amrA5jY=,eM5lu5oYF0zG9lqaHqrlslYNgoA=
-60,62,rwWMKKaP6U+oqKwfCkr2amrA5jY=,Rqmm6ybY7mj+xZ/KmdvvJk8vxUE=
-59,62,rwWMKKaP6U+oqKwfCkr2amrA5jY=,Rqmm6ybY7mj+xZ/KmdvvJk8vxUE=
-59,58,rwWMKKaP6U+oqKwfCkr2amrA5jY=,1yhrQUNc6Y00bXUgdCLDC6k73bU=
-58,58,rwWMKKaP6U+oqKwfCkr2amrA5jY=,DoiPMcIrLEk+0JsgJbaepfo1QLA=
-55,55,rwWMKKaP6U+oqKwfCkr2amrA5jY=,fTRHmViVLrOYxr+8FJs5XzPClts=
-54,55,DhKCoLpAwZtNlPxuz7RbHcOXHls=,sASC4ShtxTU5zhBx0kYbtmD6XQM=
-54,56,DhKCoLpAwZtNlPxuz7RbHcOXHls=,7dNyON+yTCZbTx56pUQ1vy2f/ZI=
-55,56,DhKCoLpAwZtNlPxuz7RbHcOXHls=,unFcUwg/nc2tKWcpWnfOSqFPdsY=
-59,63,DhKCoLpAwZtNlPxuz7RbHcOXHls=,Rqmm6ybY7mj+xZ/KmdvvJk8vxUE=
-61,63,DhKCoLpAwZtNlPxuz7RbHcOXHls=,paPNUxBwqVkHcbwtBflNOKZdZto=
-57,54,DhKCoLpAwZtNlPxuz7RbHcOXHls=,trOgZZTgMCKFw6YZKZTH8Z/tPqU=
-58,54,DhKCoLpAwZtNlPxuz7RbHcOXHls=,trOgZZTgMCKFw6YZKZTH8Z/tPqU=
-58,55,DhKCoLpAwZtNlPxuz7RbHcOXHls=,trOgZZTgMCKFw6YZKZTH8Z/tPqU=
-56,53,DhKCoLpAwZtNlPxuz7RbHcOXHls=,lakOy9l5RLLR1CxgqMrTsAwS2lE=
-57,53,DhKCoLpAwZtNlPxuz7RbHcOXHls=,q3lp+Ep5VTCit6N5ylsyjTLNQY0=
-57,55,DhKCoLpAwZtNlPxuz7RbHcOXHls=,trOgZZTgMCKFw6YZKZTH8Z/tPqU=
-58,53,DhKCoLpAwZtNlPxuz7RbHcOXHls=,q3lp+Ep5VTCit6N5ylsyjTLNQY0=
-58,63,DhKCoLpAwZtNlPxuz7RbHcOXHls=,eM5lu5oYF0zG9lqaHqrlslYNgoA=
-60,63,DhKCoLpAwZtNlPxuz7RbHcOXHls=,Rqmm6ybY7mj+xZ/KmdvvJk8vxUE=
-56,55,DhKCoLpAwZtNlPxuz7RbHcOXHls=,fTRHmViVLrOYxr+8FJs5XzPClts=
-59,56,DhKCoLpAwZtNlPxuz7RbHcOXHls=,EqHCVfpUGHZnEq26AYjp+lt6L5E=
-56,56,DhKCoLpAwZtNlPxuz7RbHcOXHls=,unFcUwg/nc2tKWcpWnfOSqFPdsY=
-58,56,DhKCoLpAwZtNlPxuz7RbHcOXHls=,JT38Svlqe33YmAu46MyilV2uNI4=
-56,54,DhKCoLpAwZtNlPxuz7RbHcOXHls=,fTRHmViVLrOYxr+8FJs5XzPClts=
-57,56,DhKCoLpAwZtNlPxuz7RbHcOXHls=,JT38Svlqe33YmAu46MyilV2uNI4=
-63,63,DhKCoLpAwZtNlPxuz7RbHcOXHls=,q9uaDhSPGCMhRkTkywDrWQl5dUI=
-62,63,DhKCoLpAwZtNlPxuz7RbHcOXHls=,paPNUxBwqVkHcbwtBflNOKZdZto=
-64,61,DhKCoLpAwZtNlPxuz7RbHcOXHls=,0ELmzwB+xLNmjuCZ05/zU6dBuMo=
-64,62,DhKCoLpAwZtNlPxuz7RbHcOXHls=,q9uaDhSPGCMhRkTkywDrWQl5dUI=
-60,56,DhKCoLpAwZtNlPxuz7RbHcOXHls=,EqHCVfpUGHZnEq26AYjp+lt6L5E=
-64,63,DhKCoLpAwZtNlPxuz7RbHcOXHls=,q9uaDhSPGCMhRkTkywDrWQl5dUI=
-64,60,DhKCoLpAwZtNlPxuz7RbHcOXHls=,0ELmzwB+xLNmjuCZ05/zU6dBuMo=
-61,56,DhKCoLpAwZtNlPxuz7RbHcOXHls=,TlVtmo935e+fgrkqOZhKdc4C6Vo=
-64,59,DhKCoLpAwZtNlPxuz7RbHcOXHls=,7K2wB9V6kH8CCo/SEkv/3IIFzb4=
-57,50,DhKCoLpAwZtNlPxuz7RbHcOXHls=,yVYAcFv3Q/AJRKyTSfMbdJpTD2E=
-56,50,DhKCoLpAwZtNlPxuz7RbHcOXHls=,Cw8qLfGcSkrYgx5P6ZJOX+qi1Rs=
-57,58,DhKCoLpAwZtNlPxuz7RbHcOXHls=,DoiPMcIrLEk+0JsgJbaepfo1QLA=
-57,57,DhKCoLpAwZtNlPxuz7RbHcOXHls=,JT38Svlqe33YmAu46MyilV2uNI4=
-56,57,DhKCoLpAwZtNlPxuz7RbHcOXHls=,unFcUwg/nc2tKWcpWnfOSqFPdsY=
-55,57,DhKCoLpAwZtNlPxuz7RbHcOXHls=,unFcUwg/nc2tKWcpWnfOSqFPdsY=
-56,58,DhKCoLpAwZtNlPxuz7RbHcOXHls=,lfJWn8/jYOhYQFY8FRfS+Qrgev4=
-57,59,DhKCoLpAwZtNlPxuz7RbHcOXHls=,DoiPMcIrLEk+0JsgJbaepfo1QLA=
-54,57,DhKCoLpAwZtNlPxuz7RbHcOXHls=,7dNyON+yTCZbTx56pUQ1vy2f/ZI=
-57,60,DhKCoLpAwZtNlPxuz7RbHcOXHls=,y/HyCu/oJWzclPBY5/YoQ/+B43A=
-56,59,DhKCoLpAwZtNlPxuz7RbHcOXHls=,lfJWn8/jYOhYQFY8FRfS+Qrgev4=
-56,60,DhKCoLpAwZtNlPxuz7RbHcOXHls=,upKxvPhuCYn0R7oLUWxEoeXcCMI=
-55,58,DhKCoLpAwZtNlPxuz7RbHcOXHls=,lfJWn8/jYOhYQFY8FRfS+Qrgev4=
-58,50,DhKCoLpAwZtNlPxuz7RbHcOXHls=,yVYAcFv3Q/AJRKyTSfMbdJpTD2E=
-53,50,DhKCoLpAwZtNlPxuz7RbHcOXHls=,Au/W+/BKJguorfklhNc49b5cTBA=
-55,50,DhKCoLpAwZtNlPxuz7RbHcOXHls=,Cw8qLfGcSkrYgx5P6ZJOX+qi1Rs=
-54,50,DhKCoLpAwZtNlPxuz7RbHcOXHls=,Au/W+/BKJguorfklhNc49b5cTBA=
-52,50,DhKCoLpAwZtNlPxuz7RbHcOXHls=,P61N/JfBPnFhweFP832rmQrOWIw=
-54,60,DhKCoLpAwZtNlPxuz7RbHcOXHls=,07dM65jxmAJgzkIl9W0EG1hgaJQ=
-55,60,DhKCoLpAwZtNlPxuz7RbHcOXHls=,upKxvPhuCYn0R7oLUWxEoeXcCMI=
-55,59,DhKCoLpAwZtNlPxuz7RbHcOXHls=,lfJWn8/jYOhYQFY8FRfS+Qrgev4=
-54,59,DhKCoLpAwZtNlPxuz7RbHcOXHls=,fVsGcOPXv09Ubk4ilTXlMHUoB1I=
-50,48,DhKCoLpAwZtNlPxuz7RbHcOXHls=,X1VatZ6M7oD6hHuzJLKWISi1YH8=
-49,48,DhKCoLpAwZtNlPxuz7RbHcOXHls=,X1VatZ6M7oD6hHuzJLKWISi1YH8=
-54,58,DhKCoLpAwZtNlPxuz7RbHcOXHls=,fVsGcOPXv09Ubk4ilTXlMHUoB1I=
-62,58,DhKCoLpAwZtNlPxuz7RbHcOXHls=,MCoSXcPE1aYOgbNO/VYFcOgzHKg=
-63,58,DhKCoLpAwZtNlPxuz7RbHcOXHls=,7K2wB9V6kH8CCo/SEkv/3IIFzb4=
-64,58,DhKCoLpAwZtNlPxuz7RbHcOXHls=,7K2wB9V6kH8CCo/SEkv/3IIFzb4=
-62,56,DhKCoLpAwZtNlPxuz7RbHcOXHls=,TlVtmo935e+fgrkqOZhKdc4C6Vo=
-62,57,DhKCoLpAwZtNlPxuz7RbHcOXHls=,TlVtmo935e+fgrkqOZhKdc4C6Vo=
-64,56,DhKCoLpAwZtNlPxuz7RbHcOXHls=,DOZ1SrbyqjZ4twevdGHJ8djV9+A=
-64,57,DhKCoLpAwZtNlPxuz7RbHcOXHls=,DOZ1SrbyqjZ4twevdGHJ8djV9+A=
-63,57,DhKCoLpAwZtNlPxuz7RbHcOXHls=,DOZ1SrbyqjZ4twevdGHJ8djV9+A=
-63,56,DhKCoLpAwZtNlPxuz7RbHcOXHls=,DOZ1SrbyqjZ4twevdGHJ8djV9+A=
-49,63,DhKCoLpAwZtNlPxuz7RbHcOXHls=,LS9bI8Z1vCPrZzdURakjBt3d1+Y=
-49,44,dpw1RbeSfetlQZHye0gCj67AVFw=,aRsrW9zh5LnUdrMKeFn8nDab3aQ=
-50,44,dpw1RbeSfetlQZHye0gCj67AVFw=,aRsrW9zh5LnUdrMKeFn8nDab3aQ=
-49,45,dpw1RbeSfetlQZHye0gCj67AVFw=,aRsrW9zh5LnUdrMKeFn8nDab3aQ=
-50,45,dpw1RbeSfetlQZHye0gCj67AVFw=,aRsrW9zh5LnUdrMKeFn8nDab3aQ=
-49,46,dpw1RbeSfetlQZHye0gCj67AVFw=,uD6r7av1EpK3F6oRqM1P6orlqgM=
-49,47,dpw1RbeSfetlQZHye0gCj67AVFw=,uD6r7av1EpK3F6oRqM1P6orlqgM=
-50,47,dpw1RbeSfetlQZHye0gCj67AVFw=,uD6r7av1EpK3F6oRqM1P6orlqgM=
-50,46,dpw1RbeSfetlQZHye0gCj67AVFw=,uD6r7av1EpK3F6oRqM1P6orlqgM=
-46,61,GSZv2lnU0hAHH0jJ0gSkxarAZpI=,mFuyW5yJMK7GupNsHpHeu+oBNnc=
-47,61,GSZv2lnU0hAHH0jJ0gSkxarAZpI=,fhvZsycjm9KqgjXqpAdxaTsooyw=
-46,62,GSZv2lnU0hAHH0jJ0gSkxarAZpI=,zixZjYBSCCWBYTV/+C0nDwTyDMg=
-47,62,GSZv2lnU0hAHH0jJ0gSkxarAZpI=,sAzqmai4aWpy3PjjM1drvpotv/E=
-45,60,GSZv2lnU0hAHH0jJ0gSkxarAZpI=,mFuyW5yJMK7GupNsHpHeu+oBNnc=
-44,59,GSZv2lnU0hAHH0jJ0gSkxarAZpI=,ruiYMyiEniVUiAjq4IzQQ1EDErY=
-45,59,GSZv2lnU0hAHH0jJ0gSkxarAZpI=,EPSoEEPnV7DTE0skLHlDs/mYM2I=
-44,60,GSZv2lnU0hAHH0jJ0gSkxarAZpI=,VPGD9Movs9BYE1IBxdt0Cede+bk=
-45,61,GSZv2lnU0hAHH0jJ0gSkxarAZpI=,mFuyW5yJMK7GupNsHpHeu+oBNnc=
-44,61,GSZv2lnU0hAHH0jJ0gSkxarAZpI=,VPGD9Movs9BYE1IBxdt0Cede+bk=
-45,62,INjFUQXdgZKsHveOVu55ZwTCGJc=,zixZjYBSCCWBYTV/+C0nDwTyDMg=
-44,62,INjFUQXdgZKsHveOVu55ZwTCGJc=,kCvqWeX7iOW/1FqMgpsgiQGoL/w=
-43,59,INjFUQXdgZKsHveOVu55ZwTCGJc=,ruiYMyiEniVUiAjq4IzQQ1EDErY=
-42,59,INjFUQXdgZKsHveOVu55ZwTCGJc=,4SS2Cxce2iIiy06e2S7z66gj+R4=
-43,60,INjFUQXdgZKsHveOVu55ZwTCGJc=,VPGD9Movs9BYE1IBxdt0Cede+bk=
-42,60,INjFUQXdgZKsHveOVu55ZwTCGJc=,4PklNu5gdVdryvFK1/iSE89CmYM=
-42,61,INjFUQXdgZKsHveOVu55ZwTCGJc=,4PklNu5gdVdryvFK1/iSE89CmYM=
-43,61,INjFUQXdgZKsHveOVu55ZwTCGJc=,VPGD9Movs9BYE1IBxdt0Cede+bk=
-42,62,INjFUQXdgZKsHveOVu55ZwTCGJc=,Ulfito5YNO46vKf9QnkFHoaIRiE=
-41,59,INjFUQXdgZKsHveOVu55ZwTCGJc=,4SS2Cxce2iIiy06e2S7z66gj+R4=
-43,62,INjFUQXdgZKsHveOVu55ZwTCGJc=,kCvqWeX7iOW/1FqMgpsgiQGoL/w=
-41,60,INjFUQXdgZKsHveOVu55ZwTCGJc=,4PklNu5gdVdryvFK1/iSE89CmYM=
-40,59,INjFUQXdgZKsHveOVu55ZwTCGJc=,AjDV1mI+TTMxuUxbzTB41i3pI+A=
-40,60,INjFUQXdgZKsHveOVu55ZwTCGJc=,DBprpz+qZZwKw/AkKiU4tz3RLwg=
-41,61,INjFUQXdgZKsHveOVu55ZwTCGJc=,4PklNu5gdVdryvFK1/iSE89CmYM=
-41,62,INjFUQXdgZKsHveOVu55ZwTCGJc=,Ulfito5YNO46vKf9QnkFHoaIRiE=
-40,61,INjFUQXdgZKsHveOVu55ZwTCGJc=,DBprpz+qZZwKw/AkKiU4tz3RLwg=
-40,62,INjFUQXdgZKsHveOVu55ZwTCGJc=,IQGq1jjrhvSLs307LPg7c5k47d8=
-39,59,q7pbg1jwSBD7dzlRyndQKNTqaow=,AjDV1mI+TTMxuUxbzTB41i3pI+A=
-38,62,q7pbg1jwSBD7dzlRyndQKNTqaow=,5b28vwAP4rG1tHYkSsT4WV6GURM=
-38,61,q7pbg1jwSBD7dzlRyndQKNTqaow=,gX6McLPy0UTOLZA/5eKJ5lk5r/w=
-39,60,q7pbg1jwSBD7dzlRyndQKNTqaow=,DBprpz+qZZwKw/AkKiU4tz3RLwg=
-38,59,q7pbg1jwSBD7dzlRyndQKNTqaow=,cEN0h0e0/w/7/qtmmiESGJf4G3g=
-39,61,q7pbg1jwSBD7dzlRyndQKNTqaow=,DBprpz+qZZwKw/AkKiU4tz3RLwg=
-39,62,q7pbg1jwSBD7dzlRyndQKNTqaow=,IQGq1jjrhvSLs307LPg7c5k47d8=
-38,60,q7pbg1jwSBD7dzlRyndQKNTqaow=,gX6McLPy0UTOLZA/5eKJ5lk5r/w=
-37,57,q7pbg1jwSBD7dzlRyndQKNTqaow=,EXlHGwzHtS3ARIWCuaXFcSanJkg=
-36,59,q7pbg1jwSBD7dzlRyndQKNTqaow=,/XmdaqGMiX0gY3ToqMV1V64wsFU=
-36,60,q7pbg1jwSBD7dzlRyndQKNTqaow=,XzQS1drlgnt7Pxu1cow8Zv3/YZU=
-36,58,q7pbg1jwSBD7dzlRyndQKNTqaow=,/XmdaqGMiX0gY3ToqMV1V64wsFU=
-36,57,q7pbg1jwSBD7dzlRyndQKNTqaow=,yoxrt+SOhMInvEKO2CO7kqxAL3s=
-37,59,q7pbg1jwSBD7dzlRyndQKNTqaow=,cEN0h0e0/w/7/qtmmiESGJf4G3g=
-37,58,q7pbg1jwSBD7dzlRyndQKNTqaow=,cEN0h0e0/w/7/qtmmiESGJf4G3g=
-37,60,q7pbg1jwSBD7dzlRyndQKNTqaow=,gX6McLPy0UTOLZA/5eKJ5lk5r/w=
-35,58,q7pbg1jwSBD7dzlRyndQKNTqaow=,/XmdaqGMiX0gY3ToqMV1V64wsFU=
-34,57,q7pbg1jwSBD7dzlRyndQKNTqaow=,QqmZ3p8iHpVAPHwlCynT0HVkDtE=
-35,57,q7pbg1jwSBD7dzlRyndQKNTqaow=,yoxrt+SOhMInvEKO2CO7kqxAL3s=
-34,58,q7pbg1jwSBD7dzlRyndQKNTqaow=,d1X7kVp10unOaHKeKTe9qjcgHik=
-35,60,q7pbg1jwSBD7dzlRyndQKNTqaow=,XzQS1drlgnt7Pxu1cow8Zv3/YZU=
-34,59,q7pbg1jwSBD7dzlRyndQKNTqaow=,d1X7kVp10unOaHKeKTe9qjcgHik=
-34,60,q7pbg1jwSBD7dzlRyndQKNTqaow=,2xt2BGb1p0XeeJr+5/XyFsEUiWo=
-35,59,q7pbg1jwSBD7dzlRyndQKNTqaow=,/XmdaqGMiX0gY3ToqMV1V64wsFU=
-34,55,XTkmu2WCRshKz4QiN3pPmsCU/dE=,79b4FF0R/U5JI8ZtlDwcsMvr2Ts=
-35,55,XTkmu2WCRshKz4QiN3pPmsCU/dE=,MiKn69ttJvcrN8PZ1x0Zbas7pQo=
-35,56,XTkmu2WCRshKz4QiN3pPmsCU/dE=,yoxrt+SOhMInvEKO2CO7kqxAL3s=
-34,56,XTkmu2WCRshKz4QiN3pPmsCU/dE=,QqmZ3p8iHpVAPHwlCynT0HVkDtE=
-35,54,XTkmu2WCRshKz4QiN3pPmsCU/dE=,MiKn69ttJvcrN8PZ1x0Zbas7pQo=
-34,54,XTkmu2WCRshKz4QiN3pPmsCU/dE=,79b4FF0R/U5JI8ZtlDwcsMvr2Ts=
-34,53,XTkmu2WCRshKz4QiN3pPmsCU/dE=,wnC9IDVDbZ/m87BF4QPNobEq1Gk=
-35,53,XTkmu2WCRshKz4QiN3pPmsCU/dE=,qDqjuSX6Ckv2tGSy7jN0snNQVy4=
-34,52,XTkmu2WCRshKz4QiN3pPmsCU/dE=,wnC9IDVDbZ/m87BF4QPNobEq1Gk=
-35,52,XTkmu2WCRshKz4QiN3pPmsCU/dE=,qDqjuSX6Ckv2tGSy7jN0snNQVy4=
-35,51,XTkmu2WCRshKz4QiN3pPmsCU/dE=,TUcVoCtbGOVU/ZuAO3gtsL8Kax8=
-34,51,XTkmu2WCRshKz4QiN3pPmsCU/dE=,8bZa7Qw7SyQdTpR7Yi1CtAmEYu0=
-35,49,XTkmu2WCRshKz4QiN3pPmsCU/dE=,GK4I63eA6ynbaU43BzKEBnfvMWY=
-34,49,XTkmu2WCRshKz4QiN3pPmsCU/dE=,3E0TyYdQE50pACAZl7a80OC/EDQ=
-35,50,XTkmu2WCRshKz4QiN3pPmsCU/dE=,TUcVoCtbGOVU/ZuAO3gtsL8Kax8=
-34,50,XTkmu2WCRshKz4QiN3pPmsCU/dE=,8bZa7Qw7SyQdTpR7Yi1CtAmEYu0=
-37,49,Ad7bNs0bEJJshwPJAQ+zSRQZMu4=,SAeSf9utYKnZ8VSfqSQ6+ZlRvaU=
-36,50,Ad7bNs0bEJJshwPJAQ+zSRQZMu4=,TUcVoCtbGOVU/ZuAO3gtsL8Kax8=
-36,49,Ad7bNs0bEJJshwPJAQ+zSRQZMu4=,GK4I63eA6ynbaU43BzKEBnfvMWY=
-37,50,Ad7bNs0bEJJshwPJAQ+zSRQZMu4=,AmP1MBDMoleSsdn+bcQvEuvI6gQ=
-36,51,Ad7bNs0bEJJshwPJAQ+zSRQZMu4=,TUcVoCtbGOVU/ZuAO3gtsL8Kax8=
-36,52,Ad7bNs0bEJJshwPJAQ+zSRQZMu4=,qDqjuSX6Ckv2tGSy7jN0snNQVy4=
-37,51,Ad7bNs0bEJJshwPJAQ+zSRQZMu4=,AmP1MBDMoleSsdn+bcQvEuvI6gQ=
-37,52,Ad7bNs0bEJJshwPJAQ+zSRQZMu4=,jR8ulyLNFrzAmKAHr8lI7nbX+yc=
-38,51,Ad7bNs0bEJJshwPJAQ+zSRQZMu4=,AmP1MBDMoleSsdn+bcQvEuvI6gQ=
-39,52,Ad7bNs0bEJJshwPJAQ+zSRQZMu4=,zDCy5bbILAwdM9z+95/lWx/QHWo=
-38,52,Ad7bNs0bEJJshwPJAQ+zSRQZMu4=,jR8ulyLNFrzAmKAHr8lI7nbX+yc=
-39,51,Ad7bNs0bEJJshwPJAQ+zSRQZMu4=,8jYgchjI4gx1/GOilH44IF8wTLc=
-38,49,Ad7bNs0bEJJshwPJAQ+zSRQZMu4=,SAeSf9utYKnZ8VSfqSQ6+ZlRvaU=
-39,50,Ad7bNs0bEJJshwPJAQ+zSRQZMu4=,8jYgchjI4gx1/GOilH44IF8wTLc=
-38,50,Ad7bNs0bEJJshwPJAQ+zSRQZMu4=,AmP1MBDMoleSsdn+bcQvEuvI6gQ=
-39,49,Ad7bNs0bEJJshwPJAQ+zSRQZMu4=,PyCNkOJEM3/xGxdmWYTGGOMe4Qk=
-40,51,BC2RdKpnEKtjkllY/VQqzKs6uLM=,8jYgchjI4gx1/GOilH44IF8wTLc=
-41,51,BC2RdKpnEKtjkllY/VQqzKs6uLM=,Wb7LuQlEhTJAyQa5jZQWjCDD0+o=
-41,52,BC2RdKpnEKtjkllY/VQqzKs6uLM=,v4FAjp59/sOHMfVsgLCFXXCkAv0=
-40,52,BC2RdKpnEKtjkllY/VQqzKs6uLM=,zDCy5bbILAwdM9z+95/lWx/QHWo=
-40,54,BC2RdKpnEKtjkllY/VQqzKs6uLM=,vu6xz+s+T09DOBCRsgtOY4QkRn0=
-40,53,BC2RdKpnEKtjkllY/VQqzKs6uLM=,zDCy5bbILAwdM9z+95/lWx/QHWo=
-41,53,BC2RdKpnEKtjkllY/VQqzKs6uLM=,v4FAjp59/sOHMfVsgLCFXXCkAv0=
-41,54,BC2RdKpnEKtjkllY/VQqzKs6uLM=,itdwHx8ycJtE2F+xocuJ9n48Vp4=
-40,49,BC2RdKpnEKtjkllY/VQqzKs6uLM=,PyCNkOJEM3/xGxdmWYTGGOMe4Qk=
-40,50,BC2RdKpnEKtjkllY/VQqzKs6uLM=,8jYgchjI4gx1/GOilH44IF8wTLc=
-41,49,BC2RdKpnEKtjkllY/VQqzKs6uLM=,0WUgcvIXJriz+b804fIcohk1Pe4=
-41,50,BC2RdKpnEKtjkllY/VQqzKs6uLM=,Wb7LuQlEhTJAyQa5jZQWjCDD0+o=
-43,53,BC2RdKpnEKtjkllY/VQqzKs6uLM=,9iFBiuwTudmC0bXlDb1eUMViE9o=
-42,54,BC2RdKpnEKtjkllY/VQqzKs6uLM=,itdwHx8ycJtE2F+xocuJ9n48Vp4=
-42,53,BC2RdKpnEKtjkllY/VQqzKs6uLM=,v4FAjp59/sOHMfVsgLCFXXCkAv0=
-43,54,BC2RdKpnEKtjkllY/VQqzKs6uLM=,zCUDQTbHHDpWmQWx5KxFf6F8XBE=
-42,52,BC2RdKpnEKtjkllY/VQqzKs6uLM=,v4FAjp59/sOHMfVsgLCFXXCkAv0=
-42,51,BC2RdKpnEKtjkllY/VQqzKs6uLM=,Wb7LuQlEhTJAyQa5jZQWjCDD0+o=
-43,51,BC2RdKpnEKtjkllY/VQqzKs6uLM=,UWwsSQLY0CIv5DwMuZC3J/MdfMg=
-43,52,BC2RdKpnEKtjkllY/VQqzKs6uLM=,9iFBiuwTudmC0bXlDb1eUMViE9o=
-42,49,BC2RdKpnEKtjkllY/VQqzKs6uLM=,0WUgcvIXJriz+b804fIcohk1Pe4=
-43,49,BC2RdKpnEKtjkllY/VQqzKs6uLM=,zt5qS9s4pc2Mce6dUIdwWIXrs9M=
-42,50,BC2RdKpnEKtjkllY/VQqzKs6uLM=,Wb7LuQlEhTJAyQa5jZQWjCDD0+o=
-43,50,BC2RdKpnEKtjkllY/VQqzKs6uLM=,UWwsSQLY0CIv5DwMuZC3J/MdfMg=
-44,54,j/jNGOWq6hntaNukOgYMFbrJcbE=,zCUDQTbHHDpWmQWx5KxFf6F8XBE=
-44,53,j/jNGOWq6hntaNukOgYMFbrJcbE=,9iFBiuwTudmC0bXlDb1eUMViE9o=
-44,51,j/jNGOWq6hntaNukOgYMFbrJcbE=,UWwsSQLY0CIv5DwMuZC3J/MdfMg=
-45,51,j/jNGOWq6hntaNukOgYMFbrJcbE=,SPfWkqZjFD/V6IKEoi8phqghV4Q=
-44,52,j/jNGOWq6hntaNukOgYMFbrJcbE=,9iFBiuwTudmC0bXlDb1eUMViE9o=
-45,53,j/jNGOWq6hntaNukOgYMFbrJcbE=,tXMtkk+jzDkf066FdEe3kT1n3EY=
-45,54,j/jNGOWq6hntaNukOgYMFbrJcbE=,bzkD8H8gCYSYslcK1yHrW5s8Aeo=
-45,52,j/jNGOWq6hntaNukOgYMFbrJcbE=,tXMtkk+jzDkf066FdEe3kT1n3EY=
-44,49,j/jNGOWq6hntaNukOgYMFbrJcbE=,zt5qS9s4pc2Mce6dUIdwWIXrs9M=
-45,49,j/jNGOWq6hntaNukOgYMFbrJcbE=,4banNK5mO3sqzvpsou3eK+IQ1p4=
-45,50,j/jNGOWq6hntaNukOgYMFbrJcbE=,SPfWkqZjFD/V6IKEoi8phqghV4Q=
-44,50,j/jNGOWq6hntaNukOgYMFbrJcbE=,UWwsSQLY0CIv5DwMuZC3J/MdfMg=
-46,51,j/jNGOWq6hntaNukOgYMFbrJcbE=,SPfWkqZjFD/V6IKEoi8phqghV4Q=
-47,51,j/jNGOWq6hntaNukOgYMFbrJcbE=,x0QiLf+yJf8X/SyJLb7uPQtQQXk=
-46,52,j/jNGOWq6hntaNukOgYMFbrJcbE=,tXMtkk+jzDkf066FdEe3kT1n3EY=
-47,52,j/jNGOWq6hntaNukOgYMFbrJcbE=,LH1M0R33HEusmsmnaC/vAg8ath0=
-47,50,j/jNGOWq6hntaNukOgYMFbrJcbE=,x0QiLf+yJf8X/SyJLb7uPQtQQXk=
-46,50,j/jNGOWq6hntaNukOgYMFbrJcbE=,SPfWkqZjFD/V6IKEoi8phqghV4Q=
-47,49,j/jNGOWq6hntaNukOgYMFbrJcbE=,HhvNlrWVl5Br7nLXJVc6WozkojA=
-46,49,j/jNGOWq6hntaNukOgYMFbrJcbE=,4banNK5mO3sqzvpsou3eK+IQ1p4=
-46,56,wy4WZ2HvvjjJBJdUkHG0S6SLrRE=,496FojJd87dW+XDNmaew76+3kzk=
-46,53,wy4WZ2HvvjjJBJdUkHG0S6SLrRE=,tXMtkk+jzDkf066FdEe3kT1n3EY=
-47,53,wy4WZ2HvvjjJBJdUkHG0S6SLrRE=,LH1M0R33HEusmsmnaC/vAg8ath0=
-47,56,wy4WZ2HvvjjJBJdUkHG0S6SLrRE=,6DoQCix5M7KDGF21tR9ERNP2eYA=
-47,54,wy4WZ2HvvjjJBJdUkHG0S6SLrRE=,vxdZDDWW6coGs+73UsGXP8UnYaQ=
-46,54,wy4WZ2HvvjjJBJdUkHG0S6SLrRE=,bzkD8H8gCYSYslcK1yHrW5s8Aeo=
-47,55,wy4WZ2HvvjjJBJdUkHG0S6SLrRE=,vxdZDDWW6coGs+73UsGXP8UnYaQ=
-46,55,wy4WZ2HvvjjJBJdUkHG0S6SLrRE=,bzkD8H8gCYSYslcK1yHrW5s8Aeo=
-33,59,wy4WZ2HvvjjJBJdUkHG0S6SLrRE=,d1X7kVp10unOaHKeKTe9qjcgHik=
-33,60,wy4WZ2HvvjjJBJdUkHG0S6SLrRE=,2xt2BGb1p0XeeJr+5/XyFsEUiWo=
-33,53,wy4WZ2HvvjjJBJdUkHG0S6SLrRE=,wnC9IDVDbZ/m87BF4QPNobEq1Gk=
-33,54,wy4WZ2HvvjjJBJdUkHG0S6SLrRE=,79b4FF0R/U5JI8ZtlDwcsMvr2Ts=
-45,58,wy4WZ2HvvjjJBJdUkHG0S6SLrRE=,EPSoEEPnV7DTE0skLHlDs/mYM2I=
-44,58,wy4WZ2HvvjjJBJdUkHG0S6SLrRE=,ruiYMyiEniVUiAjq4IzQQ1EDErY=
-45,57,wy4WZ2HvvjjJBJdUkHG0S6SLrRE=,496FojJd87dW+XDNmaew76+3kzk=
-44,57,wy4WZ2HvvjjJBJdUkHG0S6SLrRE=,3wKcYVyOgdJlb6/CAXgiS13SB5A=
-44,56,wy4WZ2HvvjjJBJdUkHG0S6SLrRE=,3wKcYVyOgdJlb6/CAXgiS13SB5A=
-44,55,wy4WZ2HvvjjJBJdUkHG0S6SLrRE=,zCUDQTbHHDpWmQWx5KxFf6F8XBE=
-45,56,wy4WZ2HvvjjJBJdUkHG0S6SLrRE=,496FojJd87dW+XDNmaew76+3kzk=
-45,55,wy4WZ2HvvjjJBJdUkHG0S6SLrRE=,bzkD8H8gCYSYslcK1yHrW5s8Aeo=
-43,58,wy4WZ2HvvjjJBJdUkHG0S6SLrRE=,ruiYMyiEniVUiAjq4IzQQ1EDErY=
-42,58,wy4WZ2HvvjjJBJdUkHG0S6SLrRE=,4SS2Cxce2iIiy06e2S7z66gj+R4=
-43,57,wy4WZ2HvvjjJBJdUkHG0S6SLrRE=,3wKcYVyOgdJlb6/CAXgiS13SB5A=
-42,57,wy4WZ2HvvjjJBJdUkHG0S6SLrRE=,sNbDxhD1cOWVEQv3iABaWItajww=
-43,56,wy4WZ2HvvjjJBJdUkHG0S6SLrRE=,3wKcYVyOgdJlb6/CAXgiS13SB5A=
-43,55,wy4WZ2HvvjjJBJdUkHG0S6SLrRE=,zCUDQTbHHDpWmQWx5KxFf6F8XBE=
-42,56,wy4WZ2HvvjjJBJdUkHG0S6SLrRE=,sNbDxhD1cOWVEQv3iABaWItajww=
-42,55,wy4WZ2HvvjjJBJdUkHG0S6SLrRE=,itdwHx8ycJtE2F+xocuJ9n48Vp4=
-38,57,wy4WZ2HvvjjJBJdUkHG0S6SLrRE=,EXlHGwzHtS3ARIWCuaXFcSanJkg=
-40,55,wy4WZ2HvvjjJBJdUkHG0S6SLrRE=,vu6xz+s+T09DOBCRsgtOY4QkRn0=
-41,56,wy4WZ2HvvjjJBJdUkHG0S6SLrRE=,sNbDxhD1cOWVEQv3iABaWItajww=
-40,57,wy4WZ2HvvjjJBJdUkHG0S6SLrRE=,TmueomQ/5j1xXoyvi2rdAo+lrkI=
-41,55,wy4WZ2HvvjjJBJdUkHG0S6SLrRE=,itdwHx8ycJtE2F+xocuJ9n48Vp4=
-41,58,wy4WZ2HvvjjJBJdUkHG0S6SLrRE=,4SS2Cxce2iIiy06e2S7z66gj+R4=
-39,57,wy4WZ2HvvjjJBJdUkHG0S6SLrRE=,TmueomQ/5j1xXoyvi2rdAo+lrkI=
-41,57,wy4WZ2HvvjjJBJdUkHG0S6SLrRE=,sNbDxhD1cOWVEQv3iABaWItajww=
-40,56,wy4WZ2HvvjjJBJdUkHG0S6SLrRE=,TmueomQ/5j1xXoyvi2rdAo+lrkI=
-40,58,wy4WZ2HvvjjJBJdUkHG0S6SLrRE=,AjDV1mI+TTMxuUxbzTB41i3pI+A=
-39,58,wy4WZ2HvvjjJBJdUkHG0S6SLrRE=,AjDV1mI+TTMxuUxbzTB41i3pI+A=
-38,58,wy4WZ2HvvjjJBJdUkHG0S6SLrRE=,cEN0h0e0/w/7/qtmmiESGJf4G3g=
-39,56,wy4WZ2HvvjjJBJdUkHG0S6SLrRE=,TmueomQ/5j1xXoyvi2rdAo+lrkI=
-38,56,wy4WZ2HvvjjJBJdUkHG0S6SLrRE=,EXlHGwzHtS3ARIWCuaXFcSanJkg=
-37,53,wy4WZ2HvvjjJBJdUkHG0S6SLrRE=,jR8ulyLNFrzAmKAHr8lI7nbX+yc=
-38,55,wy4WZ2HvvjjJBJdUkHG0S6SLrRE=,gPw5NiIRnJojak0Sseqqts6YrAA=
-37,55,wy4WZ2HvvjjJBJdUkHG0S6SLrRE=,gPw5NiIRnJojak0Sseqqts6YrAA=
-37,54,wy4WZ2HvvjjJBJdUkHG0S6SLrRE=,gPw5NiIRnJojak0Sseqqts6YrAA=
-38,54,wy4WZ2HvvjjJBJdUkHG0S6SLrRE=,gPw5NiIRnJojak0Sseqqts6YrAA=
-38,53,wy4WZ2HvvjjJBJdUkHG0S6SLrRE=,jR8ulyLNFrzAmKAHr8lI7nbX+yc=
-39,55,wy4WZ2HvvjjJBJdUkHG0S6SLrRE=,vu6xz+s+T09DOBCRsgtOY4QkRn0=
-36,53,wy4WZ2HvvjjJBJdUkHG0S6SLrRE=,qDqjuSX6Ckv2tGSy7jN0snNQVy4=
-36,56,wy4WZ2HvvjjJBJdUkHG0S6SLrRE=,yoxrt+SOhMInvEKO2CO7kqxAL3s=
-39,54,wy4WZ2HvvjjJBJdUkHG0S6SLrRE=,vu6xz+s+T09DOBCRsgtOY4QkRn0=
-37,56,wy4WZ2HvvjjJBJdUkHG0S6SLrRE=,EXlHGwzHtS3ARIWCuaXFcSanJkg=
-36,54,wy4WZ2HvvjjJBJdUkHG0S6SLrRE=,MiKn69ttJvcrN8PZ1x0Zbas7pQo=
-36,55,wy4WZ2HvvjjJBJdUkHG0S6SLrRE=,MiKn69ttJvcrN8PZ1x0Zbas7pQo=
-39,53,wy4WZ2HvvjjJBJdUkHG0S6SLrRE=,zDCy5bbILAwdM9z+95/lWx/QHWo=
-34,48,wy4WZ2HvvjjJBJdUkHG0S6SLrRE=,3E0TyYdQE50pACAZl7a80OC/EDQ=
-35,48,wy4WZ2HvvjjJBJdUkHG0S6SLrRE=,GK4I63eA6ynbaU43BzKEBnfvMWY=
-37,48,wy4WZ2HvvjjJBJdUkHG0S6SLrRE=,SAeSf9utYKnZ8VSfqSQ6+ZlRvaU=
-36,48,wy4WZ2HvvjjJBJdUkHG0S6SLrRE=,GK4I63eA6ynbaU43BzKEBnfvMWY=
-39,48,wy4WZ2HvvjjJBJdUkHG0S6SLrRE=,PyCNkOJEM3/xGxdmWYTGGOMe4Qk=
-38,48,wy4WZ2HvvjjJBJdUkHG0S6SLrRE=,SAeSf9utYKnZ8VSfqSQ6+ZlRvaU=
-41,48,wy4WZ2HvvjjJBJdUkHG0S6SLrRE=,0WUgcvIXJriz+b804fIcohk1Pe4=
-40,48,wy4WZ2HvvjjJBJdUkHG0S6SLrRE=,PyCNkOJEM3/xGxdmWYTGGOMe4Qk=
-42,48,wy4WZ2HvvjjJBJdUkHG0S6SLrRE=,0WUgcvIXJriz+b804fIcohk1Pe4=
-43,48,wy4WZ2HvvjjJBJdUkHG0S6SLrRE=,zt5qS9s4pc2Mce6dUIdwWIXrs9M=
-45,48,wy4WZ2HvvjjJBJdUkHG0S6SLrRE=,4banNK5mO3sqzvpsou3eK+IQ1p4=
-44,48,wy4WZ2HvvjjJBJdUkHG0S6SLrRE=,zt5qS9s4pc2Mce6dUIdwWIXrs9M=
-46,48,wy4WZ2HvvjjJBJdUkHG0S6SLrRE=,4banNK5mO3sqzvpsou3eK+IQ1p4=
-47,48,wy4WZ2HvvjjJBJdUkHG0S6SLrRE=,HhvNlrWVl5Br7nLXJVc6WozkojA=
-48,50,wy4WZ2HvvjjJBJdUkHG0S6SLrRE=,x0QiLf+yJf8X/SyJLb7uPQtQQXk=
-48,49,wy4WZ2HvvjjJBJdUkHG0S6SLrRE=,HhvNlrWVl5Br7nLXJVc6WozkojA=
-48,51,wpK7OGBn1/IMokNcz7ufckGJWxE=,x0QiLf+yJf8X/SyJLb7uPQtQQXk=
-48,52,wpK7OGBn1/IMokNcz7ufckGJWxE=,LH1M0R33HEusmsmnaC/vAg8ath0=
-48,53,wpK7OGBn1/IMokNcz7ufckGJWxE=,LH1M0R33HEusmsmnaC/vAg8ath0=
-48,56,wpK7OGBn1/IMokNcz7ufckGJWxE=,6DoQCix5M7KDGF21tR9ERNP2eYA=
-48,54,wpK7OGBn1/IMokNcz7ufckGJWxE=,vxdZDDWW6coGs+73UsGXP8UnYaQ=
-48,61,wpK7OGBn1/IMokNcz7ufckGJWxE=,fhvZsycjm9KqgjXqpAdxaTsooyw=
-48,55,wpK7OGBn1/IMokNcz7ufckGJWxE=,vxdZDDWW6coGs+73UsGXP8UnYaQ=
-46,60,wpK7OGBn1/IMokNcz7ufckGJWxE=,mFuyW5yJMK7GupNsHpHeu+oBNnc=
-48,60,wpK7OGBn1/IMokNcz7ufckGJWxE=,fhvZsycjm9KqgjXqpAdxaTsooyw=
-46,57,wpK7OGBn1/IMokNcz7ufckGJWxE=,496FojJd87dW+XDNmaew76+3kzk=
-46,59,wpK7OGBn1/IMokNcz7ufckGJWxE=,EPSoEEPnV7DTE0skLHlDs/mYM2I=
-47,60,wpK7OGBn1/IMokNcz7ufckGJWxE=,fhvZsycjm9KqgjXqpAdxaTsooyw=
-46,58,wpK7OGBn1/IMokNcz7ufckGJWxE=,EPSoEEPnV7DTE0skLHlDs/mYM2I=
-48,57,wpK7OGBn1/IMokNcz7ufckGJWxE=,6DoQCix5M7KDGF21tR9ERNP2eYA=
-47,57,wpK7OGBn1/IMokNcz7ufckGJWxE=,6DoQCix5M7KDGF21tR9ERNP2eYA=
-48,62,wpK7OGBn1/IMokNcz7ufckGJWxE=,sAzqmai4aWpy3PjjM1drvpotv/E=
-41,63,wpK7OGBn1/IMokNcz7ufckGJWxE=,Ulfito5YNO46vKf9QnkFHoaIRiE=
-40,63,wpK7OGBn1/IMokNcz7ufckGJWxE=,IQGq1jjrhvSLs307LPg7c5k47d8=
-47,63,wpK7OGBn1/IMokNcz7ufckGJWxE=,sAzqmai4aWpy3PjjM1drvpotv/E=
-44,63,wpK7OGBn1/IMokNcz7ufckGJWxE=,kCvqWeX7iOW/1FqMgpsgiQGoL/w=
-46,63,wpK7OGBn1/IMokNcz7ufckGJWxE=,zixZjYBSCCWBYTV/+C0nDwTyDMg=
-43,63,wpK7OGBn1/IMokNcz7ufckGJWxE=,kCvqWeX7iOW/1FqMgpsgiQGoL/w=
-42,63,wpK7OGBn1/IMokNcz7ufckGJWxE=,Ulfito5YNO46vKf9QnkFHoaIRiE=
-45,63,wpK7OGBn1/IMokNcz7ufckGJWxE=,zixZjYBSCCWBYTV/+C0nDwTyDMg=
-38,63,wpK7OGBn1/IMokNcz7ufckGJWxE=,5b28vwAP4rG1tHYkSsT4WV6GURM=
-39,63,wpK7OGBn1/IMokNcz7ufckGJWxE=,IQGq1jjrhvSLs307LPg7c5k47d8=
-47,59,wpK7OGBn1/IMokNcz7ufckGJWxE=,sRwULjTrCLI2wlOeYzBZTy9qrak=
-48,58,wpK7OGBn1/IMokNcz7ufckGJWxE=,sRwULjTrCLI2wlOeYzBZTy9qrak=
-33,56,wpK7OGBn1/IMokNcz7ufckGJWxE=,QqmZ3p8iHpVAPHwlCynT0HVkDtE=
-33,52,wpK7OGBn1/IMokNcz7ufckGJWxE=,wnC9IDVDbZ/m87BF4QPNobEq1Gk=
-33,55,wpK7OGBn1/IMokNcz7ufckGJWxE=,79b4FF0R/U5JI8ZtlDwcsMvr2Ts=
-33,58,wpK7OGBn1/IMokNcz7ufckGJWxE=,d1X7kVp10unOaHKeKTe9qjcgHik=
-33,57,wpK7OGBn1/IMokNcz7ufckGJWxE=,QqmZ3p8iHpVAPHwlCynT0HVkDtE=
-33,61,wpK7OGBn1/IMokNcz7ufckGJWxE=,2xt2BGb1p0XeeJr+5/XyFsEUiWo=
-33,51,wpK7OGBn1/IMokNcz7ufckGJWxE=,8bZa7Qw7SyQdTpR7Yi1CtAmEYu0=
-48,59,wpK7OGBn1/IMokNcz7ufckGJWxE=,sRwULjTrCLI2wlOeYzBZTy9qrak=
-33,49,wpK7OGBn1/IMokNcz7ufckGJWxE=,3E0TyYdQE50pACAZl7a80OC/EDQ=
-33,50,wpK7OGBn1/IMokNcz7ufckGJWxE=,8bZa7Qw7SyQdTpR7Yi1CtAmEYu0=
-33,48,wpK7OGBn1/IMokNcz7ufckGJWxE=,3E0TyYdQE50pACAZl7a80OC/EDQ=
-35,62,wpK7OGBn1/IMokNcz7ufckGJWxE=,wU1h0rc5hXzEmPOI14t4hE8+m1Q=
-35,63,wpK7OGBn1/IMokNcz7ufckGJWxE=,wU1h0rc5hXzEmPOI14t4hE8+m1Q=
-34,61,wpK7OGBn1/IMokNcz7ufckGJWxE=,2xt2BGb1p0XeeJr+5/XyFsEUiWo=
-35,61,wpK7OGBn1/IMokNcz7ufckGJWxE=,XzQS1drlgnt7Pxu1cow8Zv3/YZU=
-36,61,wpK7OGBn1/IMokNcz7ufckGJWxE=,XzQS1drlgnt7Pxu1cow8Zv3/YZU=
-36,62,wpK7OGBn1/IMokNcz7ufckGJWxE=,wU1h0rc5hXzEmPOI14t4hE8+m1Q=
-36,63,wpK7OGBn1/IMokNcz7ufckGJWxE=,wU1h0rc5hXzEmPOI14t4hE8+m1Q=
-48,48,wpK7OGBn1/IMokNcz7ufckGJWxE=,HhvNlrWVl5Br7nLXJVc6WozkojA=
-47,58,wpK7OGBn1/IMokNcz7ufckGJWxE=,sRwULjTrCLI2wlOeYzBZTy9qrak=
-37,62,wpK7OGBn1/IMokNcz7ufckGJWxE=,5b28vwAP4rG1tHYkSsT4WV6GURM=
-37,63,wpK7OGBn1/IMokNcz7ufckGJWxE=,5b28vwAP4rG1tHYkSsT4WV6GURM=
-37,61,wpK7OGBn1/IMokNcz7ufckGJWxE=,gX6McLPy0UTOLZA/5eKJ5lk5r/w=
-48,63,tOZg+GqnV6gBwaoFypMlUjqu+HE=,sAzqmai4aWpy3PjjM1drvpotv/E=
-34,44,lR4OsvzukxR6QAV5rQ5G4bbBHck=,iufTamHVHSvABvazFJG2Ers/h2c=
-35,44,lR4OsvzukxR6QAV5rQ5G4bbBHck=,LQg/d1r8dHvTzSMg8iqWTv78trQ=
-35,43,wLUESqxAjVRoUvL7nzwMUNiTxUk=,o31tY6OZmJ7Ja8lOkaiIWWS7F84=
-34,43,wLUESqxAjVRoUvL7nzwMUNiTxUk=,0uXe9FwniXy8Axs9MIik1gfhYrY=
-35,39,wLUESqxAjVRoUvL7nzwMUNiTxUk=,S5sTVFRUV4eGrHT91JYYrC6lWV4=
-35,40,wLUESqxAjVRoUvL7nzwMUNiTxUk=,CCVsoIsTyDexu0UW/4qm9lF7+yY=
-35,41,wLUESqxAjVRoUvL7nzwMUNiTxUk=,CCVsoIsTyDexu0UW/4qm9lF7+yY=
-35,42,wLUESqxAjVRoUvL7nzwMUNiTxUk=,o31tY6OZmJ7Ja8lOkaiIWWS7F84=
-34,42,QlY/O67n9ZWXPKKqNHQXiz3cGIU=,0uXe9FwniXy8Axs9MIik1gfhYrY=
-34,39,QlY/O67n9ZWXPKKqNHQXiz3cGIU=,PM1C3BWM8u1FOMVDDn94l6FlWlg=
-34,40,QlY/O67n9ZWXPKKqNHQXiz3cGIU=,0D3IHw6+5wwR0J7fsu0re8nj530=
-34,41,QlY/O67n9ZWXPKKqNHQXiz3cGIU=,0D3IHw6+5wwR0J7fsu0re8nj530=
-35,38,QlY/O67n9ZWXPKKqNHQXiz3cGIU=,S5sTVFRUV4eGrHT91JYYrC6lWV4=
-37,37,QlY/O67n9ZWXPKKqNHQXiz3cGIU=,bsYympqYQNeX6MSlIeA2M1q2H+c=
-34,38,QlY/O67n9ZWXPKKqNHQXiz3cGIU=,PM1C3BWM8u1FOMVDDn94l6FlWlg=
-34,37,QlY/O67n9ZWXPKKqNHQXiz3cGIU=,6WG0f5OTnCSKixX7kzZivuNBAEs=
-35,37,QlY/O67n9ZWXPKKqNHQXiz3cGIU=,F3VfpFf8c0yLj2VU4m+MtrFM5sk=
-36,38,QlY/O67n9ZWXPKKqNHQXiz3cGIU=,S5sTVFRUV4eGrHT91JYYrC6lWV4=
-37,38,QlY/O67n9ZWXPKKqNHQXiz3cGIU=,J5WpCeFu+tdJYTbOaQp/fKALhQ0=
-36,37,QlY/O67n9ZWXPKKqNHQXiz3cGIU=,F3VfpFf8c0yLj2VU4m+MtrFM5sk=
-37,35,upVxh/I1J2PC8QPHiCTjZElRDyY=,agaA3+U4r4F35q85FrxSI6QGbV0=
-37,36,upVxh/I1J2PC8QPHiCTjZElRDyY=,bsYympqYQNeX6MSlIeA2M1q2H+c=
-34,35,upVxh/I1J2PC8QPHiCTjZElRDyY=,MRj8/VQ8IuXPYFWmOsPDnGkHUX4=
-35,35,upVxh/I1J2PC8QPHiCTjZElRDyY=,S+bfm6XZpFSrzyYMNIpW0xUkino=
-36,35,upVxh/I1J2PC8QPHiCTjZElRDyY=,S+bfm6XZpFSrzyYMNIpW0xUkino=
-35,36,upVxh/I1J2PC8QPHiCTjZElRDyY=,F3VfpFf8c0yLj2VU4m+MtrFM5sk=
-34,36,upVxh/I1J2PC8QPHiCTjZElRDyY=,6WG0f5OTnCSKixX7kzZivuNBAEs=
-36,36,upVxh/I1J2PC8QPHiCTjZElRDyY=,F3VfpFf8c0yLj2VU4m+MtrFM5sk=
-37,33,pfunvJMQ89tqXO1qx1BDp86KPYY=,M9zJXP5DI/V9mqPc2SHBnv4TyGQ=
-37,34,pfunvJMQ89tqXO1qx1BDp86KPYY=,agaA3+U4r4F35q85FrxSI6QGbV0=
-38,34,pfunvJMQ89tqXO1qx1BDp86KPYY=,agaA3+U4r4F35q85FrxSI6QGbV0=
-38,33,pfunvJMQ89tqXO1qx1BDp86KPYY=,M9zJXP5DI/V9mqPc2SHBnv4TyGQ=
-39,34,pfunvJMQ89tqXO1qx1BDp86KPYY=,cze20DnKse7oT9Gkps8I8xD3FX0=
-39,33,pfunvJMQ89tqXO1qx1BDp86KPYY=,sXXoZY8YSMCakqYSp56+5Gtfc1I=
-35,34,pfunvJMQ89tqXO1qx1BDp86KPYY=,S+bfm6XZpFSrzyYMNIpW0xUkino=
-34,34,pfunvJMQ89tqXO1qx1BDp86KPYY=,MRj8/VQ8IuXPYFWmOsPDnGkHUX4=
-36,33,pfunvJMQ89tqXO1qx1BDp86KPYY=,2SsqbtSyMoqMwZCJVIGAJUB8fvw=
-36,34,pfunvJMQ89tqXO1qx1BDp86KPYY=,S+bfm6XZpFSrzyYMNIpW0xUkino=
-34,33,pfunvJMQ89tqXO1qx1BDp86KPYY=,b0NHCvhA/2HC63LGRhvl2WmKnzU=
-35,33,pfunvJMQ89tqXO1qx1BDp86KPYY=,2SsqbtSyMoqMwZCJVIGAJUB8fvw=
-41,35,pfunvJMQ89tqXO1qx1BDp86KPYY=,EVTpYZ2HR6ib3QQIZqkPIreAG14=
-40,35,pfunvJMQ89tqXO1qx1BDp86KPYY=,cze20DnKse7oT9Gkps8I8xD3FX0=
-41,36,pfunvJMQ89tqXO1qx1BDp86KPYY=,H9VKZBMvD59eHjfVX/dy/ec2yjg=
-40,36,pfunvJMQ89tqXO1qx1BDp86KPYY=,uy3NSjEaraaAwbaPK0tC9I2ot1A=
-39,35,pfunvJMQ89tqXO1qx1BDp86KPYY=,cze20DnKse7oT9Gkps8I8xD3FX0=
-38,35,pfunvJMQ89tqXO1qx1BDp86KPYY=,agaA3+U4r4F35q85FrxSI6QGbV0=
-39,36,pfunvJMQ89tqXO1qx1BDp86KPYY=,uy3NSjEaraaAwbaPK0tC9I2ot1A=
-41,38,pfunvJMQ89tqXO1qx1BDp86KPYY=,fhXtNvde4jVfqnMWjBlstYJ8H1c=
-41,37,pfunvJMQ89tqXO1qx1BDp86KPYY=,H9VKZBMvD59eHjfVX/dy/ec2yjg=
-40,37,pfunvJMQ89tqXO1qx1BDp86KPYY=,uy3NSjEaraaAwbaPK0tC9I2ot1A=
-40,38,pfunvJMQ89tqXO1qx1BDp86KPYY=,0tAX/2krayc2LgZLbYW9wBuLr0o=
-38,36,pfunvJMQ89tqXO1qx1BDp86KPYY=,bsYympqYQNeX6MSlIeA2M1q2H+c=
-39,37,pfunvJMQ89tqXO1qx1BDp86KPYY=,uy3NSjEaraaAwbaPK0tC9I2ot1A=
-39,38,2Q9saxdxrD6QG2L4gZKAwrbdLMI=,0tAX/2krayc2LgZLbYW9wBuLr0o=
-38,37,2Q9saxdxrD6QG2L4gZKAwrbdLMI=,bsYympqYQNeX6MSlIeA2M1q2H+c=
-40,39,2Q9saxdxrD6QG2L4gZKAwrbdLMI=,0tAX/2krayc2LgZLbYW9wBuLr0o=
-41,40,2Q9saxdxrD6QG2L4gZKAwrbdLMI=,SanD6J0NX5IWtcxW9mekHmuaTXQ=
-41,39,2Q9saxdxrD6QG2L4gZKAwrbdLMI=,fhXtNvde4jVfqnMWjBlstYJ8H1c=
-40,40,2Q9saxdxrD6QG2L4gZKAwrbdLMI=,kElY/hU8Q0lUvimKjwCe3xoyF+4=
-38,38,2Q9saxdxrD6QG2L4gZKAwrbdLMI=,J5WpCeFu+tdJYTbOaQp/fKALhQ0=
-36,40,2Q9saxdxrD6QG2L4gZKAwrbdLMI=,CCVsoIsTyDexu0UW/4qm9lF7+yY=
-36,39,2Q9saxdxrD6QG2L4gZKAwrbdLMI=,S5sTVFRUV4eGrHT91JYYrC6lWV4=
-39,39,2Q9saxdxrD6QG2L4gZKAwrbdLMI=,0tAX/2krayc2LgZLbYW9wBuLr0o=
-37,40,2Q9saxdxrD6QG2L4gZKAwrbdLMI=,rjVT/km+wxLX0pV9LgQQZgEFZEg=
-39,40,2Q9saxdxrD6QG2L4gZKAwrbdLMI=,kElY/hU8Q0lUvimKjwCe3xoyF+4=
-36,41,2Q9saxdxrD6QG2L4gZKAwrbdLMI=,CCVsoIsTyDexu0UW/4qm9lF7+yY=
-37,39,2Q9saxdxrD6QG2L4gZKAwrbdLMI=,J5WpCeFu+tdJYTbOaQp/fKALhQ0=
-38,39,2Q9saxdxrD6QG2L4gZKAwrbdLMI=,J5WpCeFu+tdJYTbOaQp/fKALhQ0=
-38,40,2Q9saxdxrD6QG2L4gZKAwrbdLMI=,rjVT/km+wxLX0pV9LgQQZgEFZEg=
-37,41,2Q9saxdxrD6QG2L4gZKAwrbdLMI=,rjVT/km+wxLX0pV9LgQQZgEFZEg=
-37,42,2Q9saxdxrD6QG2L4gZKAwrbdLMI=,hbjOho/HfXMFNIPPUxBfPfTxaCc=
-36,42,2Q9saxdxrD6QG2L4gZKAwrbdLMI=,o31tY6OZmJ7Ja8lOkaiIWWS7F84=
-39,41,xXiFxwpXwBKit+uBjeHk6Y5qry0=,kElY/hU8Q0lUvimKjwCe3xoyF+4=
-39,42,xXiFxwpXwBKit+uBjeHk6Y5qry0=,RnoDi8yQpqVbSVPK1h+rW+OMCWk=
-38,42,xXiFxwpXwBKit+uBjeHk6Y5qry0=,hbjOho/HfXMFNIPPUxBfPfTxaCc=
-38,41,xXiFxwpXwBKit+uBjeHk6Y5qry0=,rjVT/km+wxLX0pV9LgQQZgEFZEg=
-39,44,xXiFxwpXwBKit+uBjeHk6Y5qry0=,GcjcQ4mQjbAF0Bfcdm7JHZoryR8=
-37,44,xXiFxwpXwBKit+uBjeHk6Y5qry0=,4cgF+n6kb6A9oLuIFpjvFY85qfw=
-36,44,xXiFxwpXwBKit+uBjeHk6Y5qry0=,LQg/d1r8dHvTzSMg8iqWTv78trQ=
-38,44,xXiFxwpXwBKit+uBjeHk6Y5qry0=,4cgF+n6kb6A9oLuIFpjvFY85qfw=
-39,43,xXiFxwpXwBKit+uBjeHk6Y5qry0=,RnoDi8yQpqVbSVPK1h+rW+OMCWk=
-37,43,xXiFxwpXwBKit+uBjeHk6Y5qry0=,hbjOho/HfXMFNIPPUxBfPfTxaCc=
-36,43,xXiFxwpXwBKit+uBjeHk6Y5qry0=,o31tY6OZmJ7Ja8lOkaiIWWS7F84=
-38,43,xXiFxwpXwBKit+uBjeHk6Y5qry0=,hbjOho/HfXMFNIPPUxBfPfTxaCc=
-39,46,xXiFxwpXwBKit+uBjeHk6Y5qry0=,am4K6u2R6Heg2BXz6maNrKv4EAI=
-38,46,xXiFxwpXwBKit+uBjeHk6Y5qry0=,p5qMILcZ646lLPci64uUa7zQiZs=
-38,45,xXiFxwpXwBKit+uBjeHk6Y5qry0=,4cgF+n6kb6A9oLuIFpjvFY85qfw=
-39,45,xXiFxwpXwBKit+uBjeHk6Y5qry0=,GcjcQ4mQjbAF0Bfcdm7JHZoryR8=
-40,45,xXiFxwpXwBKit+uBjeHk6Y5qry0=,GcjcQ4mQjbAF0Bfcdm7JHZoryR8=
-40,46,xXiFxwpXwBKit+uBjeHk6Y5qry0=,am4K6u2R6Heg2BXz6maNrKv4EAI=
-41,46,xXiFxwpXwBKit+uBjeHk6Y5qry0=,+AjpkIwJsQwmBU2kkN1WeoQukho=
-41,45,xXiFxwpXwBKit+uBjeHk6Y5qry0=,KecytuU+JxcTrmGiWsS3bDxzJ0c=
-42,43,FadZQ0GCsVXTnLQYP0my3bA/aZs=,EGQnAzBTFflAHpplBdjGt6NVQe8=
-41,44,FadZQ0GCsVXTnLQYP0my3bA/aZs=,KecytuU+JxcTrmGiWsS3bDxzJ0c=
-41,41,FadZQ0GCsVXTnLQYP0my3bA/aZs=,SanD6J0NX5IWtcxW9mekHmuaTXQ=
-41,42,FadZQ0GCsVXTnLQYP0my3bA/aZs=,EGQnAzBTFflAHpplBdjGt6NVQe8=
-42,44,FadZQ0GCsVXTnLQYP0my3bA/aZs=,KecytuU+JxcTrmGiWsS3bDxzJ0c=
-41,43,FadZQ0GCsVXTnLQYP0my3bA/aZs=,EGQnAzBTFflAHpplBdjGt6NVQe8=
-43,44,FadZQ0GCsVXTnLQYP0my3bA/aZs=,PCMmMGU8iZnp9fAtoltPxT7gEjA=
-40,41,FadZQ0GCsVXTnLQYP0my3bA/aZs=,kElY/hU8Q0lUvimKjwCe3xoyF+4=
-40,44,FadZQ0GCsVXTnLQYP0my3bA/aZs=,GcjcQ4mQjbAF0Bfcdm7JHZoryR8=
-40,43,FadZQ0GCsVXTnLQYP0my3bA/aZs=,RnoDi8yQpqVbSVPK1h+rW+OMCWk=
-40,42,FadZQ0GCsVXTnLQYP0my3bA/aZs=,RnoDi8yQpqVbSVPK1h+rW+OMCWk=
-42,46,FadZQ0GCsVXTnLQYP0my3bA/aZs=,+AjpkIwJsQwmBU2kkN1WeoQukho=
-43,45,FadZQ0GCsVXTnLQYP0my3bA/aZs=,PCMmMGU8iZnp9fAtoltPxT7gEjA=
-43,46,FadZQ0GCsVXTnLQYP0my3bA/aZs=,wWHu/V5zBKMcgFZeTZ3uZrXuqus=
-42,45,FadZQ0GCsVXTnLQYP0my3bA/aZs=,KecytuU+JxcTrmGiWsS3bDxzJ0c=
-45,45,FadZQ0GCsVXTnLQYP0my3bA/aZs=,Lt2WCWxaMSyDITuBNHJ0yAQRbNU=
-45,46,FadZQ0GCsVXTnLQYP0my3bA/aZs=,5zTEhDajuqiy2abzCXvcomSVONU=
-44,46,FadZQ0GCsVXTnLQYP0my3bA/aZs=,wWHu/V5zBKMcgFZeTZ3uZrXuqus=
-44,45,FadZQ0GCsVXTnLQYP0my3bA/aZs=,PCMmMGU8iZnp9fAtoltPxT7gEjA=
-46,45,FadZQ0GCsVXTnLQYP0my3bA/aZs=,Lt2WCWxaMSyDITuBNHJ0yAQRbNU=
-46,46,FadZQ0GCsVXTnLQYP0my3bA/aZs=,5zTEhDajuqiy2abzCXvcomSVONU=
-47,45,FadZQ0GCsVXTnLQYP0my3bA/aZs=,gitv91EYLp8x5SDtWoYwrc7ngkw=
-47,46,FadZQ0GCsVXTnLQYP0my3bA/aZs=,D/tda4S7dIbvng1fQQEO0H7/Pss=
-46,44,FadZQ0GCsVXTnLQYP0my3bA/aZs=,Lt2WCWxaMSyDITuBNHJ0yAQRbNU=
-44,44,FadZQ0GCsVXTnLQYP0my3bA/aZs=,PCMmMGU8iZnp9fAtoltPxT7gEjA=
-47,44,FadZQ0GCsVXTnLQYP0my3bA/aZs=,gitv91EYLp8x5SDtWoYwrc7ngkw=
-45,44,FadZQ0GCsVXTnLQYP0my3bA/aZs=,Lt2WCWxaMSyDITuBNHJ0yAQRbNU=
-46,47,FadZQ0GCsVXTnLQYP0my3bA/aZs=,5zTEhDajuqiy2abzCXvcomSVONU=
-47,47,FadZQ0GCsVXTnLQYP0my3bA/aZs=,D/tda4S7dIbvng1fQQEO0H7/Pss=
-48,44,FadZQ0GCsVXTnLQYP0my3bA/aZs=,gitv91EYLp8x5SDtWoYwrc7ngkw=
-48,45,FadZQ0GCsVXTnLQYP0my3bA/aZs=,gitv91EYLp8x5SDtWoYwrc7ngkw=
-48,46,FadZQ0GCsVXTnLQYP0my3bA/aZs=,D/tda4S7dIbvng1fQQEO0H7/Pss=
-48,47,FadZQ0GCsVXTnLQYP0my3bA/aZs=,D/tda4S7dIbvng1fQQEO0H7/Pss=
-38,32,FadZQ0GCsVXTnLQYP0my3bA/aZs=,M9zJXP5DI/V9mqPc2SHBnv4TyGQ=
-39,32,FadZQ0GCsVXTnLQYP0my3bA/aZs=,sXXoZY8YSMCakqYSp56+5Gtfc1I=
-37,32,FadZQ0GCsVXTnLQYP0my3bA/aZs=,M9zJXP5DI/V9mqPc2SHBnv4TyGQ=
-42,32,FadZQ0GCsVXTnLQYP0my3bA/aZs=,/S1p2iG/sKbK5sHymlZupB4z/h8=
-42,34,FadZQ0GCsVXTnLQYP0my3bA/aZs=,EVTpYZ2HR6ib3QQIZqkPIreAG14=
-42,33,FadZQ0GCsVXTnLQYP0my3bA/aZs=,/S1p2iG/sKbK5sHymlZupB4z/h8=
-41,32,FadZQ0GCsVXTnLQYP0my3bA/aZs=,/S1p2iG/sKbK5sHymlZupB4z/h8=
-41,34,FadZQ0GCsVXTnLQYP0my3bA/aZs=,EVTpYZ2HR6ib3QQIZqkPIreAG14=
-41,33,FadZQ0GCsVXTnLQYP0my3bA/aZs=,/S1p2iG/sKbK5sHymlZupB4z/h8=
-40,32,FadZQ0GCsVXTnLQYP0my3bA/aZs=,sXXoZY8YSMCakqYSp56+5Gtfc1I=
-40,33,FadZQ0GCsVXTnLQYP0my3bA/aZs=,sXXoZY8YSMCakqYSp56+5Gtfc1I=
-40,34,FadZQ0GCsVXTnLQYP0my3bA/aZs=,cze20DnKse7oT9Gkps8I8xD3FX0=
-34,32,ikiSCKiUv50zMW2Ysy3uGjZcZVY=,b0NHCvhA/2HC63LGRhvl2WmKnzU=
-35,32,ikiSCKiUv50zMW2Ysy3uGjZcZVY=,2SsqbtSyMoqMwZCJVIGAJUB8fvw=
-36,32,ikiSCKiUv50zMW2Ysy3uGjZcZVY=,2SsqbtSyMoqMwZCJVIGAJUB8fvw=
-36,47,ikiSCKiUv50zMW2Ysy3uGjZcZVY=,ynJmxP3avX4OG7OqEscWA+1S/zE=
-35,45,ikiSCKiUv50zMW2Ysy3uGjZcZVY=,LQg/d1r8dHvTzSMg8iqWTv78trQ=
-36,45,ikiSCKiUv50zMW2Ysy3uGjZcZVY=,LQg/d1r8dHvTzSMg8iqWTv78trQ=
-37,47,ikiSCKiUv50zMW2Ysy3uGjZcZVY=,p5qMILcZ646lLPci64uUa7zQiZs=
-34,45,ikiSCKiUv50zMW2Ysy3uGjZcZVY=,iufTamHVHSvABvazFJG2Ers/h2c=
-35,46,ikiSCKiUv50zMW2Ysy3uGjZcZVY=,ynJmxP3avX4OG7OqEscWA+1S/zE=
-37,46,ikiSCKiUv50zMW2Ysy3uGjZcZVY=,p5qMILcZ646lLPci64uUa7zQiZs=
-37,45,ikiSCKiUv50zMW2Ysy3uGjZcZVY=,4cgF+n6kb6A9oLuIFpjvFY85qfw=
-36,46,ikiSCKiUv50zMW2Ysy3uGjZcZVY=,ynJmxP3avX4OG7OqEscWA+1S/zE=
-35,47,ikiSCKiUv50zMW2Ysy3uGjZcZVY=,ynJmxP3avX4OG7OqEscWA+1S/zE=
-34,46,ikiSCKiUv50zMW2Ysy3uGjZcZVY=,TGPFrqnxUPDfnafdiF+ShFJXiMU=
-34,47,ikiSCKiUv50zMW2Ysy3uGjZcZVY=,TGPFrqnxUPDfnafdiF+ShFJXiMU=
-33,46,ikiSCKiUv50zMW2Ysy3uGjZcZVY=,TGPFrqnxUPDfnafdiF+ShFJXiMU=
-33,45,ikiSCKiUv50zMW2Ysy3uGjZcZVY=,iufTamHVHSvABvazFJG2Ers/h2c=
-33,44,ikiSCKiUv50zMW2Ysy3uGjZcZVY=,iufTamHVHSvABvazFJG2Ers/h2c=
-33,47,ikiSCKiUv50zMW2Ysy3uGjZcZVY=,TGPFrqnxUPDfnafdiF+ShFJXiMU=
-33,43,ikiSCKiUv50zMW2Ysy3uGjZcZVY=,0uXe9FwniXy8Axs9MIik1gfhYrY=
-33,39,ikiSCKiUv50zMW2Ysy3uGjZcZVY=,PM1C3BWM8u1FOMVDDn94l6FlWlg=
-33,40,ikiSCKiUv50zMW2Ysy3uGjZcZVY=,0D3IHw6+5wwR0J7fsu0re8nj530=
-42,35,ikiSCKiUv50zMW2Ysy3uGjZcZVY=,EVTpYZ2HR6ib3QQIZqkPIreAG14=
-42,39,ikiSCKiUv50zMW2Ysy3uGjZcZVY=,fhXtNvde4jVfqnMWjBlstYJ8H1c=
-42,40,ikiSCKiUv50zMW2Ysy3uGjZcZVY=,SanD6J0NX5IWtcxW9mekHmuaTXQ=
-42,42,ikiSCKiUv50zMW2Ysy3uGjZcZVY=,EGQnAzBTFflAHpplBdjGt6NVQe8=
-42,36,ikiSCKiUv50zMW2Ysy3uGjZcZVY=,H9VKZBMvD59eHjfVX/dy/ec2yjg=
-42,38,ikiSCKiUv50zMW2Ysy3uGjZcZVY=,fhXtNvde4jVfqnMWjBlstYJ8H1c=
-42,47,ikiSCKiUv50zMW2Ysy3uGjZcZVY=,+AjpkIwJsQwmBU2kkN1WeoQukho=
-45,47,ikiSCKiUv50zMW2Ysy3uGjZcZVY=,5zTEhDajuqiy2abzCXvcomSVONU=
-42,37,ikiSCKiUv50zMW2Ysy3uGjZcZVY=,H9VKZBMvD59eHjfVX/dy/ec2yjg=
-43,47,ikiSCKiUv50zMW2Ysy3uGjZcZVY=,wWHu/V5zBKMcgFZeTZ3uZrXuqus=
-44,47,ikiSCKiUv50zMW2Ysy3uGjZcZVY=,wWHu/V5zBKMcgFZeTZ3uZrXuqus=
-39,47,ikiSCKiUv50zMW2Ysy3uGjZcZVY=,am4K6u2R6Heg2BXz6maNrKv4EAI=
-42,41,ikiSCKiUv50zMW2Ysy3uGjZcZVY=,SanD6J0NX5IWtcxW9mekHmuaTXQ=
-41,47,ikiSCKiUv50zMW2Ysy3uGjZcZVY=,+AjpkIwJsQwmBU2kkN1WeoQukho=
-38,47,ikiSCKiUv50zMW2Ysy3uGjZcZVY=,p5qMILcZ646lLPci64uUa7zQiZs=
-40,47,ikiSCKiUv50zMW2Ysy3uGjZcZVY=,am4K6u2R6Heg2BXz6maNrKv4EAI=
-33,41,ikiSCKiUv50zMW2Ysy3uGjZcZVY=,0D3IHw6+5wwR0J7fsu0re8nj530=
-33,42,ikiSCKiUv50zMW2Ysy3uGjZcZVY=,0uXe9FwniXy8Axs9MIik1gfhYrY=
-33,37,ikiSCKiUv50zMW2Ysy3uGjZcZVY=,6WG0f5OTnCSKixX7kzZivuNBAEs=
-33,38,ikiSCKiUv50zMW2Ysy3uGjZcZVY=,PM1C3BWM8u1FOMVDDn94l6FlWlg=
-33,32,a1Utz2qS7bjZfoulSl0/+Ua7jpg=,b0NHCvhA/2HC63LGRhvl2WmKnzU=
-33,35,a1Utz2qS7bjZfoulSl0/+Ua7jpg=,MRj8/VQ8IuXPYFWmOsPDnGkHUX4=
-33,36,a1Utz2qS7bjZfoulSl0/+Ua7jpg=,6WG0f5OTnCSKixX7kzZivuNBAEs=
-33,34,a1Utz2qS7bjZfoulSl0/+Ua7jpg=,MRj8/VQ8IuXPYFWmOsPDnGkHUX4=
-33,33,a1Utz2qS7bjZfoulSl0/+Ua7jpg=,b0NHCvhA/2HC63LGRhvl2WmKnzU=
