-43,-135,Fcd+1fBm4t7UH3CQtZ5G7aWtnSU=,N8omgyDHGqtCTjUKNbbkz7Iu5HY=
-42,-135,Fcd+1fBm4t7UH3CQtZ5G7aWtnSU=,NCPGIrWxLhu8SfbqWoitA49KmRg=
-42,-134,Fcd+1fBm4t7UH3CQtZ5G7aWtnSU=,eWYWBku8jN2n5Q/pX8av54UVRVg=
-43,-134,Fcd+1fBm4t7UH3CQtZ5G7aWtnSU=,NDbCicrvBBEEPG8aAD9Q4a2cp+w=
-44,-133,+fSs0EsdsQ8kZoPeu9svWfmnoJs=,NDbCicrvBBEEPG8aAD9Q4a2cp+w=
-45,-133,+fSs0EsdsQ8kZoPeu9svWfmnoJs=,N8omgyDHGqtCTjUKNbbkz7Iu5HY=
-44,-132,+fSs0EsdsQ8kZoPeu9svWfmnoJs=,q+TfG0tQ5Wl/TTiRzzx163rbW/8=
-45,-132,+fSs0EsdsQ8kZoPeu9svWfmnoJs=,ioRjrS8EcQmUp0FQuF4hQLo7fSI=
-45,-131,i6dE8ZNRpZeobelHLVNcsQVCJSQ=,ioRjrS8EcQmUp0FQuF4hQLo7fSI=
-44,-130,i6dE8ZNRpZeobelHLVNcsQVCJSQ=,aN8Ibw49gCpxR68UU8f72d7nVtA=
-44,-131,i6dE8ZNRpZeobelHLVNcsQVCJSQ=,q+TfG0tQ5Wl/TTiRzzx163rbW/8=
-44,-135,i6dE8ZNRpZeobelHLVNcsQVCJSQ=,N8omgyDHGqtCTjUKNbbkz7Iu5HY=
-45,-135,i6dE8ZNRpZeobelHLVNcsQVCJSQ=,ooL7Yr2/2c7s4o7aOk9kmQoWI1o=
-45,-134,i6dE8ZNRpZeobelHLVNcsQVCJSQ=,N8omgyDHGqtCTjUKNbbkz7Iu5HY=
-44,-134,i6dE8ZNRpZeobelHLVNcsQVCJSQ=,NDbCicrvBBEEPG8aAD9Q4a2cp+w=
-45,-130,i6dE8ZNRpZeobelHLVNcsQVCJSQ=,5miSNEgCrVZW0elzZGvtSN3yeZI=
-47,-135,i6dE8ZNRpZeobelHLVNcsQVCJSQ=,W6cvwyW0G9rgNCskGxm3nrJIndg=
-46,-134,i6dE8ZNRpZeobelHLVNcsQVCJSQ=,N8omgyDHGqtCTjUKNbbkz7Iu5HY=
-47,-134,i6dE8ZNRpZeobelHLVNcsQVCJSQ=,1ogfzXi/JcFdEXOiW5suuoxREhI=
-46,-135,i6dE8ZNRpZeobelHLVNcsQVCJSQ=,ooL7Yr2/2c7s4o7aOk9kmQoWI1o=
-47,-133,45xMlAuU4U66GK3oLFt5EZGOS2E=,1ogfzXi/JcFdEXOiW5suuoxREhI=
-46,-132,45xMlAuU4U66GK3oLFt5EZGOS2E=,ioRjrS8EcQmUp0FQuF4hQLo7fSI=
-46,-133,45xMlAuU4U66GK3oLFt5EZGOS2E=,N8omgyDHGqtCTjUKNbbkz7Iu5HY=
-47,-132,45xMlAuU4U66GK3oLFt5EZGOS2E=,oaPVXTv9qIHZW7IoDEW4H3B9sgI=
-46,-131,45xMlAuU4U66GK3oLFt5EZGOS2E=,ioRjrS8EcQmUp0FQuF4hQLo7fSI=
-48,-135,45xMlAuU4U66GK3oLFt5EZGOS2E=,W6cvwyW0G9rgNCskGxm3nrJIndg=
-48,-134,45xMlAuU4U66GK3oLFt5EZGOS2E=,1ogfzXi/JcFdEXOiW5suuoxREhI=
-46,-130,45xMlAuU4U66GK3oLFt5EZGOS2E=,5miSNEgCrVZW0elzZGvtSN3yeZI=
-47,-130,45xMlAuU4U66GK3oLFt5EZGOS2E=,/VqsaqrYVpzHaWk+PqhtrVg2cKU=
-47,-131,45xMlAuU4U66GK3oLFt5EZGOS2E=,oaPVXTv9qIHZW7IoDEW4H3B9sgI=
-48,-133,/gqVzONin2XJ+AMBQDZyX1Y90HI=,1ogfzXi/JcFdEXOiW5suuoxREhI=
-48,-132,/gqVzONin2XJ+AMBQDZyX1Y90HI=,oaPVXTv9qIHZW7IoDEW4H3B9sgI=
-46,-129,/gqVzONin2XJ+AMBQDZyX1Y90HI=,5miSNEgCrVZW0elzZGvtSN3yeZI=
-47,-129,/gqVzONin2XJ+AMBQDZyX1Y90HI=,/VqsaqrYVpzHaWk+PqhtrVg2cKU=
-48,-130,/gqVzONin2XJ+AMBQDZyX1Y90HI=,/VqsaqrYVpzHaWk+PqhtrVg2cKU=
-48,-131,/gqVzONin2XJ+AMBQDZyX1Y90HI=,oaPVXTv9qIHZW7IoDEW4H3B9sgI=
-44,-129,hW+VzfRa2BzzQ7pJpNkuAsvHWKM=,aN8Ibw49gCpxR68UU8f72d7nVtA=
-42,-133,hW+VzfRa2BzzQ7pJpNkuAsvHWKM=,eWYWBku8jN2n5Q/pX8av54UVRVg=
-45,-129,hW+VzfRa2BzzQ7pJpNkuAsvHWKM=,5miSNEgCrVZW0elzZGvtSN3yeZI=
-42,-132,hW+VzfRa2BzzQ7pJpNkuAsvHWKM=,khBe7LXUz82S9/CcHoJKY2gJOMo=
-43,-133,hW+VzfRa2BzzQ7pJpNkuAsvHWKM=,NDbCicrvBBEEPG8aAD9Q4a2cp+w=
-43,-132,hW+VzfRa2BzzQ7pJpNkuAsvHWKM=,q+TfG0tQ5Wl/TTiRzzx163rbW/8=
-42,-131,2fHaCJPA5IWezBlGrWyCVDVS6q8=,khBe7LXUz82S9/CcHoJKY2gJOMo=
-43,-131,2fHaCJPA5IWezBlGrWyCVDVS6q8=,q+TfG0tQ5Wl/TTiRzzx163rbW/8=
-42,-130,2fHaCJPA5IWezBlGrWyCVDVS6q8=,BzYEVSqcYso4eEHpYnA8VriOhAA=
-43,-130,2fHaCJPA5IWezBlGrWyCVDVS6q8=,aN8Ibw49gCpxR68UU8f72d7nVtA=
-41,-131,2fHaCJPA5IWezBlGrWyCVDVS6q8=,khBe7LXUz82S9/CcHoJKY2gJOMo=
-40,-131,2fHaCJPA5IWezBlGrWyCVDVS6q8=,52MyQfUPqRWlcWYxHv8iHLp8+TE=
-41,-130,2fHaCJPA5IWezBlGrWyCVDVS6q8=,BzYEVSqcYso4eEHpYnA8VriOhAA=
-40,-130,2fHaCJPA5IWezBlGrWyCVDVS6q8=,jclN+wi22OhDAv+HEp1S5iOtR9U=
-43,-129,2fHaCJPA5IWezBlGrWyCVDVS6q8=,aN8Ibw49gCpxR68UU8f72d7nVtA=
-42,-129,2fHaCJPA5IWezBlGrWyCVDVS6q8=,BzYEVSqcYso4eEHpYnA8VriOhAA=
-39,-130,KZTX1CLxl/qGbUFrmQVewc2s0JY=,jclN+wi22OhDAv+HEp1S5iOtR9U=
-39,-131,KZTX1CLxl/qGbUFrmQVewc2s0JY=,52MyQfUPqRWlcWYxHv8iHLp8+TE=
-41,-132,KZTX1CLxl/qGbUFrmQVewc2s0JY=,khBe7LXUz82S9/CcHoJKY2gJOMo=
-40,-133,KZTX1CLxl/qGbUFrmQVewc2s0JY=,QoB08BuwfwtvSXLVNGHfuT8K3k4=
-40,-132,KZTX1CLxl/qGbUFrmQVewc2s0JY=,52MyQfUPqRWlcWYxHv8iHLp8+TE=
-41,-133,KZTX1CLxl/qGbUFrmQVewc2s0JY=,eWYWBku8jN2n5Q/pX8av54UVRVg=
-38,-130,KZTX1CLxl/qGbUFrmQVewc2s0JY=,y6VNlCFrM7BX0YAYjre1ux0B14Y=
-44,-136,KZTX1CLxl/qGbUFrmQVewc2s0JY=,N8omgyDHGqtCTjUKNbbkz7Iu5HY=
-44,-137,KZTX1CLxl/qGbUFrmQVewc2s0JY=,2u6GN0dQCoGtmh0KSLU5YfIVTWI=
-45,-137,KZTX1CLxl/qGbUFrmQVewc2s0JY=,XZzFz9Igig3UjXP6X4CyWzr1CrA=
-45,-136,KZTX1CLxl/qGbUFrmQVewc2s0JY=,ooL7Yr2/2c7s4o7aOk9kmQoWI1o=
-42,-136,KZTX1CLxl/qGbUFrmQVewc2s0JY=,NCPGIrWxLhu8SfbqWoitA49KmRg=
-43,-136,KZTX1CLxl/qGbUFrmQVewc2s0JY=,N8omgyDHGqtCTjUKNbbkz7Iu5HY=
-43,-137,KZTX1CLxl/qGbUFrmQVewc2s0JY=,2u6GN0dQCoGtmh0KSLU5YfIVTWI=
-46,-136,KZTX1CLxl/qGbUFrmQVewc2s0JY=,ooL7Yr2/2c7s4o7aOk9kmQoWI1o=
-47,-137,KZTX1CLxl/qGbUFrmQVewc2s0JY=,hXSD1/C6NKQ72q1EkYJznwMJqtk=
-46,-137,KZTX1CLxl/qGbUFrmQVewc2s0JY=,XZzFz9Igig3UjXP6X4CyWzr1CrA=
-47,-136,KZTX1CLxl/qGbUFrmQVewc2s0JY=,W6cvwyW0G9rgNCskGxm3nrJIndg=
-38,-129,KZTX1CLxl/qGbUFrmQVewc2s0JY=,y6VNlCFrM7BX0YAYjre1ux0B14Y=
-40,-129,KZTX1CLxl/qGbUFrmQVewc2s0JY=,jclN+wi22OhDAv+HEp1S5iOtR9U=
-39,-129,KZTX1CLxl/qGbUFrmQVewc2s0JY=,jclN+wi22OhDAv+HEp1S5iOtR9U=
-41,-129,KZTX1CLxl/qGbUFrmQVewc2s0JY=,BzYEVSqcYso4eEHpYnA8VriOhAA=
-48,-129,KZTX1CLxl/qGbUFrmQVewc2s0JY=,/VqsaqrYVpzHaWk+PqhtrVg2cKU=
-34,-131,Mm3NiInQ6K9jOP4JWUdPlubr0+c=,1X8V+iodnNoho2ozVvo1iU29thM=
-37,-129,Mm3NiInQ6K9jOP4JWUdPlubr0+c=,y6VNlCFrM7BX0YAYjre1ux0B14Y=
-37,-130,Mm3NiInQ6K9jOP4JWUdPlubr0+c=,y6VNlCFrM7BX0YAYjre1ux0B14Y=
-35,-129,Mm3NiInQ6K9jOP4JWUdPlubr0+c=,I+BwcvkdlFLkAO8upsTN+VIGYuU=
-36,-129,Mm3NiInQ6K9jOP4JWUdPlubr0+c=,I+BwcvkdlFLkAO8upsTN+VIGYuU=
-35,-130,Mm3NiInQ6K9jOP4JWUdPlubr0+c=,I+BwcvkdlFLkAO8upsTN+VIGYuU=
-36,-130,Mm3NiInQ6K9jOP4JWUdPlubr0+c=,I+BwcvkdlFLkAO8upsTN+VIGYuU=
-55,-146,LW1Al8G8qRaQBQ7sMZZlxIOnB0c=,b7H9gXdCy9vj8Ne3Bg4VlEncqpU=
-54,-147,LW1Al8G8qRaQBQ7sMZZlxIOnB0c=,XgXI2T1zSgxrmTwG+d1U3WHzjnU=
-55,-147,LW1Al8G8qRaQBQ7sMZZlxIOnB0c=,Qw/+rGRXf+FG9n+y9YTnOw0OMXU=
-54,-146,LW1Al8G8qRaQBQ7sMZZlxIOnB0c=,F7bGusQ9Bqbn4i88DhoqcLfIHaw=
-58,-146,LW1Al8G8qRaQBQ7sMZZlxIOnB0c=,qxk0h0+ONrhjRA4Q0J4zpTKFMe0=
-56,-146,LW1Al8G8qRaQBQ7sMZZlxIOnB0c=,b7H9gXdCy9vj8Ne3Bg4VlEncqpU=
-57,-146,LW1Al8G8qRaQBQ7sMZZlxIOnB0c=,qxk0h0+ONrhjRA4Q0J4zpTKFMe0=
-59,-146,LW1Al8G8qRaQBQ7sMZZlxIOnB0c=,1q1IjmmVfsJIvXInL0CpSMc2cHQ=
-58,-147,LW1Al8G8qRaQBQ7sMZZlxIOnB0c=,qiOrcvJM5htyQR1CS+weLXbfBdU=
-59,-147,LW1Al8G8qRaQBQ7sMZZlxIOnB0c=,4vHHaFc0d27I0O/Xq/e71QwLPcw=
-57,-147,LW1Al8G8qRaQBQ7sMZZlxIOnB0c=,qiOrcvJM5htyQR1CS+weLXbfBdU=
-56,-147,LW1Al8G8qRaQBQ7sMZZlxIOnB0c=,Qw/+rGRXf+FG9n+y9YTnOw0OMXU=
-56,-145,H149zWNj1oQ3ym2za+9vhLW1Ogs=,b7H9gXdCy9vj8Ne3Bg4VlEncqpU=
-57,-145,H149zWNj1oQ3ym2za+9vhLW1Ogs=,qxk0h0+ONrhjRA4Q0J4zpTKFMe0=
-61,-145,H149zWNj1oQ3ym2za+9vhLW1Ogs=,EsIsubG0Rf5LvuI0WcFwB+OJip8=
-58,-145,H149zWNj1oQ3ym2za+9vhLW1Ogs=,qxk0h0+ONrhjRA4Q0J4zpTKFMe0=
-60,-145,H149zWNj1oQ3ym2za+9vhLW1Ogs=,1q1IjmmVfsJIvXInL0CpSMc2cHQ=
-59,-145,H149zWNj1oQ3ym2za+9vhLW1Ogs=,1q1IjmmVfsJIvXInL0CpSMc2cHQ=
-52,-145,H149zWNj1oQ3ym2za+9vhLW1Ogs=,XokbRl4SpaBYu4hvBwaIMiZ0wqo=
-54,-145,H149zWNj1oQ3ym2za+9vhLW1Ogs=,F7bGusQ9Bqbn4i88DhoqcLfIHaw=
-53,-145,H149zWNj1oQ3ym2za+9vhLW1Ogs=,F7bGusQ9Bqbn4i88DhoqcLfIHaw=
-55,-145,H149zWNj1oQ3ym2za+9vhLW1Ogs=,b7H9gXdCy9vj8Ne3Bg4VlEncqpU=
-60,-132,cy7FQKk3hnXWyWtOvgABOH9JGHI=,UJStbq0qZ40KxLavtwap3n+ulOo=
-61,-132,cy7FQKk3hnXWyWtOvgABOH9JGHI=,KkJm8pB7O5hursNCmZVzWovOJn4=
-61,-133,cy7FQKk3hnXWyWtOvgABOH9JGHI=,MmrK2JHQdtcf5RKArqyVDoQtNPw=
-60,-133,cy7FQKk3hnXWyWtOvgABOH9JGHI=,nz7GRloF78jktUMLNDQ6/9IS3O4=
-63,-131,Soyu8iTs1pzJA26pYJ3EH4/IVHU=,pyC0X3yIxyQuBMu7AogFrKJOBgs=
-62,-131,Soyu8iTs1pzJA26pYJ3EH4/IVHU=,KkJm8pB7O5hursNCmZVzWovOJn4=
-63,-130,Soyu8iTs1pzJA26pYJ3EH4/IVHU=,WzjIPzcogmXJ0cGcMCiCQ+GB4+I=
-62,-130,Soyu8iTs1pzJA26pYJ3EH4/IVHU=,/haOdr9igTzO3HT4ylzgqKeQmug=
-58,-131,9Bxoi3+yhUpU9wlrwlOv4oDCtRQ=,r0wANp5LHizqTe50yvpO4j1Ry+c=
-61,-131,9Bxoi3+yhUpU9wlrwlOv4oDCtRQ=,KkJm8pB7O5hursNCmZVzWovOJn4=
-59,-131,9Bxoi3+yhUpU9wlrwlOv4oDCtRQ=,UJStbq0qZ40KxLavtwap3n+ulOo=
-60,-131,9Bxoi3+yhUpU9wlrwlOv4oDCtRQ=,UJStbq0qZ40KxLavtwap3n+ulOo=
-58,-130,9Bxoi3+yhUpU9wlrwlOv4oDCtRQ=,bp1AcNXdM2lDiwq9T829rYhuZ8E=
-61,-130,9Bxoi3+yhUpU9wlrwlOv4oDCtRQ=,/haOdr9igTzO3HT4ylzgqKeQmug=
-60,-130,9Bxoi3+yhUpU9wlrwlOv4oDCtRQ=,e5hR8Z0cNZ4tZ+qFvwuMnZtbbLw=
-59,-130,9Bxoi3+yhUpU9wlrwlOv4oDCtRQ=,e5hR8Z0cNZ4tZ+qFvwuMnZtbbLw=
-58,-132,9Bxoi3+yhUpU9wlrwlOv4oDCtRQ=,r0wANp5LHizqTe50yvpO4j1Ry+c=
-59,-132,9Bxoi3+yhUpU9wlrwlOv4oDCtRQ=,UJStbq0qZ40KxLavtwap3n+ulOo=
-58,-133,9Bxoi3+yhUpU9wlrwlOv4oDCtRQ=,BgtXFB0XP7HTwB9O3AN5KTAxCj0=
-59,-133,9Bxoi3+yhUpU9wlrwlOv4oDCtRQ=,nz7GRloF78jktUMLNDQ6/9IS3O4=
-56,-135,9Bxoi3+yhUpU9wlrwlOv4oDCtRQ=,BXiw5hr4DwDabG0xwimWCoFFz6w=
-57,-135,9Bxoi3+yhUpU9wlrwlOv4oDCtRQ=,kmNWGa7ZVfE9ealTuA4SlUwN81g=
-59,-134,9Bxoi3+yhUpU9wlrwlOv4oDCtRQ=,nz7GRloF78jktUMLNDQ6/9IS3O4=
-59,-135,9Bxoi3+yhUpU9wlrwlOv4oDCtRQ=,Ynf1QhoKJbGHubIbQIX7zA6a8wk=
-57,-134,9Bxoi3+yhUpU9wlrwlOv4oDCtRQ=,BgtXFB0XP7HTwB9O3AN5KTAxCj0=
-58,-134,9Bxoi3+yhUpU9wlrwlOv4oDCtRQ=,BgtXFB0XP7HTwB9O3AN5KTAxCj0=
-56,-134,9Bxoi3+yhUpU9wlrwlOv4oDCtRQ=,Xpw0K3cIM5Lma09djvz58pUemUg=
-58,-135,9Bxoi3+yhUpU9wlrwlOv4oDCtRQ=,kmNWGa7ZVfE9ealTuA4SlUwN81g=
-59,-136,9Bxoi3+yhUpU9wlrwlOv4oDCtRQ=,Ynf1QhoKJbGHubIbQIX7zA6a8wk=
-58,-136,9Bxoi3+yhUpU9wlrwlOv4oDCtRQ=,kmNWGa7ZVfE9ealTuA4SlUwN81g=
-59,-137,9Bxoi3+yhUpU9wlrwlOv4oDCtRQ=,YLRf1IE9C4cq1la8dmxjqdfYz50=
-58,-137,9Bxoi3+yhUpU9wlrwlOv4oDCtRQ=,TC2eRPAlBqtNZzh9fUXmmA+dpUc=
-56,-136,9Bxoi3+yhUpU9wlrwlOv4oDCtRQ=,BXiw5hr4DwDabG0xwimWCoFFz6w=
-57,-137,9Bxoi3+yhUpU9wlrwlOv4oDCtRQ=,TC2eRPAlBqtNZzh9fUXmmA+dpUc=
-57,-136,9Bxoi3+yhUpU9wlrwlOv4oDCtRQ=,kmNWGa7ZVfE9ealTuA4SlUwN81g=
-56,-137,9Bxoi3+yhUpU9wlrwlOv4oDCtRQ=,9VNf9A35mg/s5ELucITWWWSngAc=
-54,-134,9Bxoi3+yhUpU9wlrwlOv4oDCtRQ=,yM1GDrG68QPK46+a7T6vtPTbHWo=
-55,-135,9Bxoi3+yhUpU9wlrwlOv4oDCtRQ=,BXiw5hr4DwDabG0xwimWCoFFz6w=
-54,-135,9Bxoi3+yhUpU9wlrwlOv4oDCtRQ=,3MpSi7vkvCXWFeLJBeIoF4Gyi5E=
-55,-134,9Bxoi3+yhUpU9wlrwlOv4oDCtRQ=,Xpw0K3cIM5Lma09djvz58pUemUg=
-52,-136,9Bxoi3+yhUpU9wlrwlOv4oDCtRQ=,OuryowKkGbQhkunnPNCQWibsgpk=
-53,-138,9Bxoi3+yhUpU9wlrwlOv4oDCtRQ=,6zVW/41ABgxrf6DqOrlHE4HkSp4=
-52,-137,9Bxoi3+yhUpU9wlrwlOv4oDCtRQ=,2QkbscU/5hES/ZhNwGfivzdaFa8=
-52,-138,9Bxoi3+yhUpU9wlrwlOv4oDCtRQ=,2QkbscU/5hES/ZhNwGfivzdaFa8=
-53,-139,9Bxoi3+yhUpU9wlrwlOv4oDCtRQ=,a7EcepVbbG/bYdL8hk3M3tiNGe8=
-52,-139,9Bxoi3+yhUpU9wlrwlOv4oDCtRQ=,51ijZ/Ed6TiXbrDz7QvRXj2ksNs=
-53,-137,9Bxoi3+yhUpU9wlrwlOv4oDCtRQ=,6zVW/41ABgxrf6DqOrlHE4HkSp4=
-55,-137,9Bxoi3+yhUpU9wlrwlOv4oDCtRQ=,9VNf9A35mg/s5ELucITWWWSngAc=
-53,-136,9Bxoi3+yhUpU9wlrwlOv4oDCtRQ=,3MpSi7vkvCXWFeLJBeIoF4Gyi5E=
-55,-136,9Bxoi3+yhUpU9wlrwlOv4oDCtRQ=,BXiw5hr4DwDabG0xwimWCoFFz6w=
-54,-137,9Bxoi3+yhUpU9wlrwlOv4oDCtRQ=,6zVW/41ABgxrf6DqOrlHE4HkSp4=
-54,-136,9Bxoi3+yhUpU9wlrwlOv4oDCtRQ=,3MpSi7vkvCXWFeLJBeIoF4Gyi5E=
-56,-131,LZeZUZXS+aD5Jw6W5qXP+KPO3Hk=,gTVPraxRJGzcHFY9yO79xLRbCyU=
-57,-131,LZeZUZXS+aD5Jw6W5qXP+KPO3Hk=,r0wANp5LHizqTe50yvpO4j1Ry+c=
-57,-130,LZeZUZXS+aD5Jw6W5qXP+KPO3Hk=,bp1AcNXdM2lDiwq9T829rYhuZ8E=
-56,-130,LZeZUZXS+aD5Jw6W5qXP+KPO3Hk=,G9MbP/FiogS8DNjbjXTAGbLstZc=
-54,-131,LZeZUZXS+aD5Jw6W5qXP+KPO3Hk=,EbGwLeHqmMSt+Fwda8GzkUOayw8=
-55,-131,LZeZUZXS+aD5Jw6W5qXP+KPO3Hk=,gTVPraxRJGzcHFY9yO79xLRbCyU=
-54,-130,LZeZUZXS+aD5Jw6W5qXP+KPO3Hk=,cVYufqzJjyRTzIAto47QxFydSgE=
-55,-130,LZeZUZXS+aD5Jw6W5qXP+KPO3Hk=,G9MbP/FiogS8DNjbjXTAGbLstZc=
-53,-134,LZeZUZXS+aD5Jw6W5qXP+KPO3Hk=,yM1GDrG68QPK46+a7T6vtPTbHWo=
-52,-135,LZeZUZXS+aD5Jw6W5qXP+KPO3Hk=,OuryowKkGbQhkunnPNCQWibsgpk=
-52,-134,LZeZUZXS+aD5Jw6W5qXP+KPO3Hk=,DhhFdMLYk9O+X6l9LmQrxhAldSU=
-53,-135,LZeZUZXS+aD5Jw6W5qXP+KPO3Hk=,3MpSi7vkvCXWFeLJBeIoF4Gyi5E=
-52,-132,QXK3VjMdqmVjxMhUbIGLrjmtUAs=,CJPar4Y1Ort1M7cxD9/3W053ur4=
-53,-132,QXK3VjMdqmVjxMhUbIGLrjmtUAs=,EbGwLeHqmMSt+Fwda8GzkUOayw8=
-53,-133,QXK3VjMdqmVjxMhUbIGLrjmtUAs=,yM1GDrG68QPK46+a7T6vtPTbHWo=
-52,-133,QXK3VjMdqmVjxMhUbIGLrjmtUAs=,DhhFdMLYk9O+X6l9LmQrxhAldSU=
-50,-134,QXK3VjMdqmVjxMhUbIGLrjmtUAs=,pJqyvMhvgOKaeeBtS+0zk16PAQE=
-51,-134,QXK3VjMdqmVjxMhUbIGLrjmtUAs=,DhhFdMLYk9O+X6l9LmQrxhAldSU=
-51,-135,QXK3VjMdqmVjxMhUbIGLrjmtUAs=,OuryowKkGbQhkunnPNCQWibsgpk=
-50,-135,QXK3VjMdqmVjxMhUbIGLrjmtUAs=,YUi0Q/Ch9ZMInShSQ9phCefH6u0=
-52,-131,usI8VzikuKZ2Ao0+AAC8mWzeNOQ=,CJPar4Y1Ort1M7cxD9/3W053ur4=
-53,-131,usI8VzikuKZ2Ao0+AAC8mWzeNOQ=,EbGwLeHqmMSt+Fwda8GzkUOayw8=
-53,-130,usI8VzikuKZ2Ao0+AAC8mWzeNOQ=,cVYufqzJjyRTzIAto47QxFydSgE=
-52,-130,usI8VzikuKZ2Ao0+AAC8mWzeNOQ=,CJPar4Y1Ort1M7cxD9/3W053ur4=
-51,-133,usI8VzikuKZ2Ao0+AAC8mWzeNOQ=,DhhFdMLYk9O+X6l9LmQrxhAldSU=
-50,-133,usI8VzikuKZ2Ao0+AAC8mWzeNOQ=,pJqyvMhvgOKaeeBtS+0zk16PAQE=
-51,-132,usI8VzikuKZ2Ao0+AAC8mWzeNOQ=,CJPar4Y1Ort1M7cxD9/3W053ur4=
-50,-132,usI8VzikuKZ2Ao0+AAC8mWzeNOQ=,NQqxF5EOOrWI0xybn6vJp8QRih8=
-50,-131,Z92tn5Nn596s88WqbFJufIaCgm8=,NQqxF5EOOrWI0xybn6vJp8QRih8=
-50,-129,Z92tn5Nn596s88WqbFJufIaCgm8=,pIPdbuoGtSwqGiQb0Ikmb/fB3Os=
-51,-130,Z92tn5Nn596s88WqbFJufIaCgm8=,CJPar4Y1Ort1M7cxD9/3W053ur4=
-51,-131,Z92tn5Nn596s88WqbFJufIaCgm8=,CJPar4Y1Ort1M7cxD9/3W053ur4=
-52,-129,Z92tn5Nn596s88WqbFJufIaCgm8=,CJPar4Y1Ort1M7cxD9/3W053ur4=
-49,-130,Z92tn5Nn596s88WqbFJufIaCgm8=,pIPdbuoGtSwqGiQb0Ikmb/fB3Os=
-53,-129,Z92tn5Nn596s88WqbFJufIaCgm8=,cVYufqzJjyRTzIAto47QxFydSgE=
-50,-130,Z92tn5Nn596s88WqbFJufIaCgm8=,pIPdbuoGtSwqGiQb0Ikmb/fB3Os=
-54,-129,Z92tn5Nn596s88WqbFJufIaCgm8=,cVYufqzJjyRTzIAto47QxFydSgE=
-51,-129,Z92tn5Nn596s88WqbFJufIaCgm8=,CJPar4Y1Ort1M7cxD9/3W053ur4=
-49,-131,zztFH3om0to/tSNrVYvEBYUwoMI=,NQqxF5EOOrWI0xybn6vJp8QRih8=
-56,-129,zztFH3om0to/tSNrVYvEBYUwoMI=,G9MbP/FiogS8DNjbjXTAGbLstZc=
-58,-129,zztFH3om0to/tSNrVYvEBYUwoMI=,bp1AcNXdM2lDiwq9T829rYhuZ8E=
-55,-129,zztFH3om0to/tSNrVYvEBYUwoMI=,G9MbP/FiogS8DNjbjXTAGbLstZc=
-59,-129,zztFH3om0to/tSNrVYvEBYUwoMI=,e5hR8Z0cNZ4tZ+qFvwuMnZtbbLw=
-57,-129,zztFH3om0to/tSNrVYvEBYUwoMI=,bp1AcNXdM2lDiwq9T829rYhuZ8E=
-61,-134,zztFH3om0to/tSNrVYvEBYUwoMI=,MmrK2JHQdtcf5RKArqyVDoQtNPw=
-60,-135,zztFH3om0to/tSNrVYvEBYUwoMI=,Ynf1QhoKJbGHubIbQIX7zA6a8wk=
-61,-135,zztFH3om0to/tSNrVYvEBYUwoMI=,YHf+1GcN6N2cW6wSxDfobCAb47s=
-60,-134,zztFH3om0to/tSNrVYvEBYUwoMI=,nz7GRloF78jktUMLNDQ6/9IS3O4=
-62,-134,zztFH3om0to/tSNrVYvEBYUwoMI=,MmrK2JHQdtcf5RKArqyVDoQtNPw=
-62,-133,zztFH3om0to/tSNrVYvEBYUwoMI=,MmrK2JHQdtcf5RKArqyVDoQtNPw=
-62,-132,zztFH3om0to/tSNrVYvEBYUwoMI=,KkJm8pB7O5hursNCmZVzWovOJn4=
-63,-132,zztFH3om0to/tSNrVYvEBYUwoMI=,pyC0X3yIxyQuBMu7AogFrKJOBgs=
-62,-135,zztFH3om0to/tSNrVYvEBYUwoMI=,YHf+1GcN6N2cW6wSxDfobCAb47s=
-63,-134,zztFH3om0to/tSNrVYvEBYUwoMI=,gf87cllgRDbzlQOJSxdj2C+aEw4=
-63,-133,zztFH3om0to/tSNrVYvEBYUwoMI=,gf87cllgRDbzlQOJSxdj2C+aEw4=
-63,-135,zztFH3om0to/tSNrVYvEBYUwoMI=,Oyls3E12isLLObApS91Htj1zTiQ=
-60,-129,zztFH3om0to/tSNrVYvEBYUwoMI=,e5hR8Z0cNZ4tZ+qFvwuMnZtbbLw=
-61,-129,WlFERUVTnePa6a8AQ6gB9WJJs8E=,/haOdr9igTzO3HT4ylzgqKeQmug=
-63,-129,WlFERUVTnePa6a8AQ6gB9WJJs8E=,WzjIPzcogmXJ0cGcMCiCQ+GB4+I=
-62,-129,WlFERUVTnePa6a8AQ6gB9WJJs8E=,/haOdr9igTzO3HT4ylzgqKeQmug=
-58,-142,WlFERUVTnePa6a8AQ6gB9WJJs8E=,OpVrzqmDQIzQBonQw+RyIWK3k2k=
-58,-143,WlFERUVTnePa6a8AQ6gB9WJJs8E=,LpN17Wj6is0jD9sRwcIl7sCWsBw=
-59,-143,WlFERUVTnePa6a8AQ6gB9WJJs8E=,W9Fp1Qwx8Mc7jAtRtWJ/fC4JmRM=
-54,-138,WlFERUVTnePa6a8AQ6gB9WJJs8E=,6zVW/41ABgxrf6DqOrlHE4HkSp4=
-54,-139,WlFERUVTnePa6a8AQ6gB9WJJs8E=,a7EcepVbbG/bYdL8hk3M3tiNGe8=
-55,-138,WlFERUVTnePa6a8AQ6gB9WJJs8E=,9VNf9A35mg/s5ELucITWWWSngAc=
-55,-139,WlFERUVTnePa6a8AQ6gB9WJJs8E=,sV6kjLm+y1oieFWtuZ4vwW1R+AA=
-59,-142,WlFERUVTnePa6a8AQ6gB9WJJs8E=,+dmiw073EZGhW9p8hDsb83OF8vw=
-52,-141,WlFERUVTnePa6a8AQ6gB9WJJs8E=,rLyhyzqCjbx1g5rj1b8uR9C17e8=
-53,-141,WlFERUVTnePa6a8AQ6gB9WJJs8E=,diLEarHiCkhmOKZ5M27zXNFUVGA=
-52,-140,WlFERUVTnePa6a8AQ6gB9WJJs8E=,51ijZ/Ed6TiXbrDz7QvRXj2ksNs=
-53,-140,WlFERUVTnePa6a8AQ6gB9WJJs8E=,a7EcepVbbG/bYdL8hk3M3tiNGe8=
-56,-139,WlFERUVTnePa6a8AQ6gB9WJJs8E=,sV6kjLm+y1oieFWtuZ4vwW1R+AA=
-58,-141,WlFERUVTnePa6a8AQ6gB9WJJs8E=,OpVrzqmDQIzQBonQw+RyIWK3k2k=
-58,-139,WlFERUVTnePa6a8AQ6gB9WJJs8E=,n5uV6cn6l+x8TVVEVta6843bsnk=
-58,-140,WlFERUVTnePa6a8AQ6gB9WJJs8E=,n5uV6cn6l+x8TVVEVta6843bsnk=
-56,-138,WlFERUVTnePa6a8AQ6gB9WJJs8E=,9VNf9A35mg/s5ELucITWWWSngAc=
-59,-138,WlFERUVTnePa6a8AQ6gB9WJJs8E=,YLRf1IE9C4cq1la8dmxjqdfYz50=
-57,-139,WlFERUVTnePa6a8AQ6gB9WJJs8E=,n5uV6cn6l+x8TVVEVta6843bsnk=
-58,-138,WlFERUVTnePa6a8AQ6gB9WJJs8E=,TC2eRPAlBqtNZzh9fUXmmA+dpUc=
-59,-140,WlFERUVTnePa6a8AQ6gB9WJJs8E=,RAfCbElVdjmyFCEe6nyhwpCxf5M=
-57,-138,WlFERUVTnePa6a8AQ6gB9WJJs8E=,TC2eRPAlBqtNZzh9fUXmmA+dpUc=
-59,-139,WlFERUVTnePa6a8AQ6gB9WJJs8E=,RAfCbElVdjmyFCEe6nyhwpCxf5M=
-59,-141,WlFERUVTnePa6a8AQ6gB9WJJs8E=,+dmiw073EZGhW9p8hDsb83OF8vw=
-62,-142,WlFERUVTnePa6a8AQ6gB9WJJs8E=,83qLjtVp8HbJW7aOOXF/M9+zM0Q=
-61,-142,WlFERUVTnePa6a8AQ6gB9WJJs8E=,83qLjtVp8HbJW7aOOXF/M9+zM0Q=
-63,-141,WlFERUVTnePa6a8AQ6gB9WJJs8E=,iULz6Q9SF1YmM/cA+vCfCR+crLA=
-60,-140,WlFERUVTnePa6a8AQ6gB9WJJs8E=,RAfCbElVdjmyFCEe6nyhwpCxf5M=
-62,-141,WlFERUVTnePa6a8AQ6gB9WJJs8E=,83qLjtVp8HbJW7aOOXF/M9+zM0Q=
-60,-141,WlFERUVTnePa6a8AQ6gB9WJJs8E=,+dmiw073EZGhW9p8hDsb83OF8vw=
-63,-140,WlFERUVTnePa6a8AQ6gB9WJJs8E=,i5W0g8+G1FyEgsejeMYkQ0hvUv8=
-60,-143,WlFERUVTnePa6a8AQ6gB9WJJs8E=,W9Fp1Qwx8Mc7jAtRtWJ/fC4JmRM=
-63,-143,WlFERUVTnePa6a8AQ6gB9WJJs8E=,lhfJbCsedmJ9B3xNqwuvubV1gKY=
-61,-141,WlFERUVTnePa6a8AQ6gB9WJJs8E=,83qLjtVp8HbJW7aOOXF/M9+zM0Q=
-62,-140,WlFERUVTnePa6a8AQ6gB9WJJs8E=,HKUfCjqtH3m3cLHRVfgZWs3Bdio=
-63,-142,WlFERUVTnePa6a8AQ6gB9WJJs8E=,iULz6Q9SF1YmM/cA+vCfCR+crLA=
-61,-140,WlFERUVTnePa6a8AQ6gB9WJJs8E=,HKUfCjqtH3m3cLHRVfgZWs3Bdio=
-60,-142,WlFERUVTnePa6a8AQ6gB9WJJs8E=,+dmiw073EZGhW9p8hDsb83OF8vw=
-62,-143,WlFERUVTnePa6a8AQ6gB9WJJs8E=,lv7JigGuSf97beHhpD1QWhsmWhk=
-61,-143,WlFERUVTnePa6a8AQ6gB9WJJs8E=,lv7JigGuSf97beHhpD1QWhsmWhk=
-58,-144,WlFERUVTnePa6a8AQ6gB9WJJs8E=,LpN17Wj6is0jD9sRwcIl7sCWsBw=
-59,-144,WlFERUVTnePa6a8AQ6gB9WJJs8E=,W9Fp1Qwx8Mc7jAtRtWJ/fC4JmRM=
-57,-144,WlFERUVTnePa6a8AQ6gB9WJJs8E=,LpN17Wj6is0jD9sRwcIl7sCWsBw=
-56,-144,WlFERUVTnePa6a8AQ6gB9WJJs8E=,NYJti1AOi4NJrCnC+IT3EgwtfDo=
-55,-141,WlFERUVTnePa6a8AQ6gB9WJJs8E=,diLEarHiCkhmOKZ5M27zXNFUVGA=
-57,-143,WlFERUVTnePa6a8AQ6gB9WJJs8E=,LpN17Wj6is0jD9sRwcIl7sCWsBw=
-56,-143,WlFERUVTnePa6a8AQ6gB9WJJs8E=,NYJti1AOi4NJrCnC+IT3EgwtfDo=
-54,-141,WlFERUVTnePa6a8AQ6gB9WJJs8E=,diLEarHiCkhmOKZ5M27zXNFUVGA=
-56,-141,WlFERUVTnePa6a8AQ6gB9WJJs8E=,diLEarHiCkhmOKZ5M27zXNFUVGA=
-54,-140,WlFERUVTnePa6a8AQ6gB9WJJs8E=,a7EcepVbbG/bYdL8hk3M3tiNGe8=
-57,-140,WlFERUVTnePa6a8AQ6gB9WJJs8E=,n5uV6cn6l+x8TVVEVta6843bsnk=
-56,-140,WlFERUVTnePa6a8AQ6gB9WJJs8E=,sV6kjLm+y1oieFWtuZ4vwW1R+AA=
-55,-140,WlFERUVTnePa6a8AQ6gB9WJJs8E=,sV6kjLm+y1oieFWtuZ4vwW1R+AA=
-56,-142,WlFERUVTnePa6a8AQ6gB9WJJs8E=,diLEarHiCkhmOKZ5M27zXNFUVGA=
-57,-142,WlFERUVTnePa6a8AQ6gB9WJJs8E=,OpVrzqmDQIzQBonQw+RyIWK3k2k=
-57,-141,WlFERUVTnePa6a8AQ6gB9WJJs8E=,OpVrzqmDQIzQBonQw+RyIWK3k2k=
-52,-143,WlFERUVTnePa6a8AQ6gB9WJJs8E=,v4tm+ye3JemqCRiFQz9I1ST3DN4=
-55,-143,WlFERUVTnePa6a8AQ6gB9WJJs8E=,NYJti1AOi4NJrCnC+IT3EgwtfDo=
-53,-143,WlFERUVTnePa6a8AQ6gB9WJJs8E=,n8hfshsKAWV+g8he3wwMVXJVh0A=
-53,-142,WlFERUVTnePa6a8AQ6gB9WJJs8E=,diLEarHiCkhmOKZ5M27zXNFUVGA=
-53,-144,WlFERUVTnePa6a8AQ6gB9WJJs8E=,n8hfshsKAWV+g8he3wwMVXJVh0A=
-55,-144,WlFERUVTnePa6a8AQ6gB9WJJs8E=,NYJti1AOi4NJrCnC+IT3EgwtfDo=
-52,-142,WlFERUVTnePa6a8AQ6gB9WJJs8E=,rLyhyzqCjbx1g5rj1b8uR9C17e8=
-54,-142,WlFERUVTnePa6a8AQ6gB9WJJs8E=,diLEarHiCkhmOKZ5M27zXNFUVGA=
-54,-144,WlFERUVTnePa6a8AQ6gB9WJJs8E=,n8hfshsKAWV+g8he3wwMVXJVh0A=
-54,-143,WlFERUVTnePa6a8AQ6gB9WJJs8E=,n8hfshsKAWV+g8he3wwMVXJVh0A=
-52,-144,WlFERUVTnePa6a8AQ6gB9WJJs8E=,v4tm+ye3JemqCRiFQz9I1ST3DN4=
-55,-142,WlFERUVTnePa6a8AQ6gB9WJJs8E=,diLEarHiCkhmOKZ5M27zXNFUVGA=
-64,-140,vZ9SwoQvTjjO4RthM3rz20abS+8=,i5W0g8+G1FyEgsejeMYkQ0hvUv8=
-64,-141,vZ9SwoQvTjjO4RthM3rz20abS+8=,iULz6Q9SF1YmM/cA+vCfCR+crLA=
-64,-143,vZ9SwoQvTjjO4RthM3rz20abS+8=,lhfJbCsedmJ9B3xNqwuvubV1gKY=
-64,-142,vZ9SwoQvTjjO4RthM3rz20abS+8=,iULz6Q9SF1YmM/cA+vCfCR+crLA=
-60,-144,vZ9SwoQvTjjO4RthM3rz20abS+8=,W9Fp1Qwx8Mc7jAtRtWJ/fC4JmRM=
-61,-144,vZ9SwoQvTjjO4RthM3rz20abS+8=,lv7JigGuSf97beHhpD1QWhsmWhk=
-49,-134,vZ9SwoQvTjjO4RthM3rz20abS+8=,pJqyvMhvgOKaeeBtS+0zk16PAQE=
-49,-135,vZ9SwoQvTjjO4RthM3rz20abS+8=,YUi0Q/Ch9ZMInShSQ9phCefH6u0=
-49,-133,vZ9SwoQvTjjO4RthM3rz20abS+8=,pJqyvMhvgOKaeeBtS+0zk16PAQE=
-49,-132,vZ9SwoQvTjjO4RthM3rz20abS+8=,NQqxF5EOOrWI0xybn6vJp8QRih8=
-49,-129,vZ9SwoQvTjjO4RthM3rz20abS+8=,pIPdbuoGtSwqGiQb0Ikmb/fB3Os=
-64,-131,osfrdrIXbQ30dTXeqdQTsvSDT0k=,pyC0X3yIxyQuBMu7AogFrKJOBgs=
-64,-129,osfrdrIXbQ30dTXeqdQTsvSDT0k=,WzjIPzcogmXJ0cGcMCiCQ+GB4+I=
-64,-130,osfrdrIXbQ30dTXeqdQTsvSDT0k=,WzjIPzcogmXJ0cGcMCiCQ+GB4+I=
