13,4,ZrZSubXHGZzAcnhpnbMirrYBgrs=,PvRIQZfIy5aAjDojsb8U3r/7nOc=
14,4,ZrZSubXHGZzAcnhpnbMirrYBgrs=,2iQlsrS5GALYgQysFBakKh2YEzc=
13,3,ZrZSubXHGZzAcnhpnbMirrYBgrs=,kdeXLL4SkQIQ8datfz2ZgYaC+kM=
14,3,ZrZSubXHGZzAcnhpnbMirrYBgrs=,Y2hsOuODDP3VwyGgWivLeHoE3+c=
11,3,ehP/flKqXRmIoRC0QmYCUWWsx5w=,NUM8y5dULr95avOpikepeEX1bl0=
11,4,ehP/flKqXRmIoRC0QmYCUWWsx5w=,upn2kRZBO20wyQuWyPNo8VFqFQU=
12,4,ehP/flKqXRmIoRC0QmYCUWWsx5w=,PvRIQZfIy5aAjDojsb8U3r/7nOc=
12,3,ehP/flKqXRmIoRC0QmYCUWWsx5w=,kdeXLL4SkQIQ8datfz2ZgYaC+kM=
10,3,ehP/flKqXRmIoRC0QmYCUWWsx5w=,NUM8y5dULr95avOpikepeEX1bl0=
9,3,ehP/flKqXRmIoRC0QmYCUWWsx5w=,61W1SqGBgxpfkvqESKVjpBr5NoE=
10,4,ehP/flKqXRmIoRC0QmYCUWWsx5w=,upn2kRZBO20wyQuWyPNo8VFqFQU=
9,4,ehP/flKqXRmIoRC0QmYCUWWsx5w=,+iGqjy3UN9fWPKRHzt9drTwxeqM=
6,5,ehP/flKqXRmIoRC0QmYCUWWsx5w=,Z0mKzbriCLu61ytkatzOmR5+da8=
6,6,ehP/flKqXRmIoRC0QmYCUWWsx5w=,Ee9WTkVEYpkTQJJMeAxytx0WjYQ=
5,6,ehP/flKqXRmIoRC0QmYCUWWsx5w=,Mtop+zwp/HP6S5nOCXmZZmpU6xk=
5,5,ehP/flKqXRmIoRC0QmYCUWWsx5w=,P/yZTZPzq+k2C9SjAC7QpsDNBhQ=
5,8,qcUxC9zyUOecgmIF1HyZAKlbD0A=,u1xDhX604NLOy5B+oIf4tK2oz+4=
6,10,qcUxC9zyUOecgmIF1HyZAKlbD0A=,NpeBVZJu6OcZ16YDNagKcgiG7Jc=
5,10,qcUxC9zyUOecgmIF1HyZAKlbD0A=,4x/focSaiK3bjKh9RBP+SRRuGbY=
5,7,qcUxC9zyUOecgmIF1HyZAKlbD0A=,Mtop+zwp/HP6S5nOCXmZZmpU6xk=
5,9,qcUxC9zyUOecgmIF1HyZAKlbD0A=,u1xDhX604NLOy5B+oIf4tK2oz+4=
6,8,qcUxC9zyUOecgmIF1HyZAKlbD0A=,hiXX8/tyiwb5aJ36ADfFIjgoGbg=
6,7,qcUxC9zyUOecgmIF1HyZAKlbD0A=,Ee9WTkVEYpkTQJJMeAxytx0WjYQ=
6,9,qcUxC9zyUOecgmIF1HyZAKlbD0A=,hiXX8/tyiwb5aJ36ADfFIjgoGbg=
4,10,qcUxC9zyUOecgmIF1HyZAKlbD0A=,4x/focSaiK3bjKh9RBP+SRRuGbY=
3,10,qcUxC9zyUOecgmIF1HyZAKlbD0A=,D87Iy4QLT4JANA7QL9k35cildUo=
4,9,qcUxC9zyUOecgmIF1HyZAKlbD0A=,u1xDhX604NLOy5B+oIf4tK2oz+4=
3,9,qcUxC9zyUOecgmIF1HyZAKlbD0A=,u1xDhX604NLOy5B+oIf4tK2oz+4=
4,12,qcUxC9zyUOecgmIF1HyZAKlbD0A=,8Z41+KWjEJ4CYCLadliYK2q1Euk=
4,11,qcUxC9zyUOecgmIF1HyZAKlbD0A=,4x/focSaiK3bjKh9RBP+SRRuGbY=
3,12,qcUxC9zyUOecgmIF1HyZAKlbD0A=,Elwgg0yslBo3ECWPw0cDrZWdpSs=
3,11,qcUxC9zyUOecgmIF1HyZAKlbD0A=,D87Iy4QLT4JANA7QL9k35cildUo=
1,10,qcUxC9zyUOecgmIF1HyZAKlbD0A=,0M3izuAmbGEdsXWXLI+WF8BAmEs=
2,10,qcUxC9zyUOecgmIF1HyZAKlbD0A=,D87Iy4QLT4JANA7QL9k35cildUo=
2,9,qcUxC9zyUOecgmIF1HyZAKlbD0A=,u1xDhX604NLOy5B+oIf4tK2oz+4=
1,9,qcUxC9zyUOecgmIF1HyZAKlbD0A=,XHt2w2YKPjjbSDudaLzxaohedbI=
1,11,qcUxC9zyUOecgmIF1HyZAKlbD0A=,0M3izuAmbGEdsXWXLI+WF8BAmEs=
2,12,qcUxC9zyUOecgmIF1HyZAKlbD0A=,Elwgg0yslBo3ECWPw0cDrZWdpSs=
2,11,qcUxC9zyUOecgmIF1HyZAKlbD0A=,D87Iy4QLT4JANA7QL9k35cildUo=
1,12,qcUxC9zyUOecgmIF1HyZAKlbD0A=,FAjFYVgk754X5G2jT5840T+RXYk=
4,13,qcUxC9zyUOecgmIF1HyZAKlbD0A=,8Z41+KWjEJ4CYCLadliYK2q1Euk=
3,14,mTpCbKfyUxhGGw7CdbdLvYT6w+o=,6jbgIiVGQN7+AfookMLeucm/UPw=
3,15,mTpCbKfyUxhGGw7CdbdLvYT6w+o=,6jbgIiVGQN7+AfookMLeucm/UPw=
3,13,mTpCbKfyUxhGGw7CdbdLvYT6w+o=,Elwgg0yslBo3ECWPw0cDrZWdpSs=
1,13,mTpCbKfyUxhGGw7CdbdLvYT6w+o=,FAjFYVgk754X5G2jT5840T+RXYk=
0,13,mTpCbKfyUxhGGw7CdbdLvYT6w+o=,FAjFYVgk754X5G2jT5840T+RXYk=
2,13,mTpCbKfyUxhGGw7CdbdLvYT6w+o=,Elwgg0yslBo3ECWPw0cDrZWdpSs=
2,15,mTpCbKfyUxhGGw7CdbdLvYT6w+o=,6jbgIiVGQN7+AfookMLeucm/UPw=
0,14,mTpCbKfyUxhGGw7CdbdLvYT6w+o=,YWoD1n9Z06xYW4Hw4zCMI0QSsO8=
1,14,mTpCbKfyUxhGGw7CdbdLvYT6w+o=,YWoD1n9Z06xYW4Hw4zCMI0QSsO8=
2,14,mTpCbKfyUxhGGw7CdbdLvYT6w+o=,6jbgIiVGQN7+AfookMLeucm/UPw=
1,15,mTpCbKfyUxhGGw7CdbdLvYT6w+o=,YWoD1n9Z06xYW4Hw4zCMI0QSsO8=
0,15,mTpCbKfyUxhGGw7CdbdLvYT6w+o=,YWoD1n9Z06xYW4Hw4zCMI0QSsO8=
12,10,mTpCbKfyUxhGGw7CdbdLvYT6w+o=,Fga0wwHqz6Sb2woWY86yok3QDbQ=
11,10,mTpCbKfyUxhGGw7CdbdLvYT6w+o=,Rs+VT8me5Lg8WTx+JSLbApy4a4w=
11,9,mTpCbKfyUxhGGw7CdbdLvYT6w+o=,a0XEDCzfeeHRuXPvSVaxBF2FJwE=
12,9,mTpCbKfyUxhGGw7CdbdLvYT6w+o=,gyV1tduNV03/E/GfrEeGBFqz1GM=
7,10,mTpCbKfyUxhGGw7CdbdLvYT6w+o=,NpeBVZJu6OcZ16YDNagKcgiG7Jc=
10,10,mTpCbKfyUxhGGw7CdbdLvYT6w+o=,Rs+VT8me5Lg8WTx+JSLbApy4a4w=
10,9,mTpCbKfyUxhGGw7CdbdLvYT6w+o=,a0XEDCzfeeHRuXPvSVaxBF2FJwE=
8,10,fMncu+nYeQb070SHVvLHpnA9p7c=,du6WOJKpefRDV3Cvlxx9dbxDkEo=
9,9,fMncu+nYeQb070SHVvLHpnA9p7c=,ueUrTM3eprSYxfhDGFnsu2DUd94=
9,10,fMncu+nYeQb070SHVvLHpnA9p7c=,du6WOJKpefRDV3Cvlxx9dbxDkEo=
8,9,fMncu+nYeQb070SHVvLHpnA9p7c=,ueUrTM3eprSYxfhDGFnsu2DUd94=
7,9,fMncu+nYeQb070SHVvLHpnA9p7c=,hiXX8/tyiwb5aJ36ADfFIjgoGbg=
12,7,fMncu+nYeQb070SHVvLHpnA9p7c=,qal5bmsdCvWgyBf0IciCeQy2eiY=
12,5,fMncu+nYeQb070SHVvLHpnA9p7c=,PvRIQZfIy5aAjDojsb8U3r/7nOc=
11,5,fMncu+nYeQb070SHVvLHpnA9p7c=,upn2kRZBO20wyQuWyPNo8VFqFQU=
11,6,fMncu+nYeQb070SHVvLHpnA9p7c=,c3RIBSQjRdd2ucXqzAzVHdjFIYw=
12,6,fMncu+nYeQb070SHVvLHpnA9p7c=,qal5bmsdCvWgyBf0IciCeQy2eiY=
11,7,fMncu+nYeQb070SHVvLHpnA9p7c=,c3RIBSQjRdd2ucXqzAzVHdjFIYw=
11,8,fMncu+nYeQb070SHVvLHpnA9p7c=,a0XEDCzfeeHRuXPvSVaxBF2FJwE=
12,8,fMncu+nYeQb070SHVvLHpnA9p7c=,gyV1tduNV03/E/GfrEeGBFqz1GM=
10,8,fMncu+nYeQb070SHVvLHpnA9p7c=,a0XEDCzfeeHRuXPvSVaxBF2FJwE=
9,8,fMncu+nYeQb070SHVvLHpnA9p7c=,ueUrTM3eprSYxfhDGFnsu2DUd94=
7,6,fMncu+nYeQb070SHVvLHpnA9p7c=,Ee9WTkVEYpkTQJJMeAxytx0WjYQ=
7,5,fMncu+nYeQb070SHVvLHpnA9p7c=,Z0mKzbriCLu61ytkatzOmR5+da8=
10,7,fMncu+nYeQb070SHVvLHpnA9p7c=,c3RIBSQjRdd2ucXqzAzVHdjFIYw=
8,6,fMncu+nYeQb070SHVvLHpnA9p7c=,Z3WNOdJ5muYbpQp6UAxO0j+zA6w=
8,5,fMncu+nYeQb070SHVvLHpnA9p7c=,+iGqjy3UN9fWPKRHzt9drTwxeqM=
9,6,fMncu+nYeQb070SHVvLHpnA9p7c=,Z3WNOdJ5muYbpQp6UAxO0j+zA6w=
9,7,fMncu+nYeQb070SHVvLHpnA9p7c=,Z3WNOdJ5muYbpQp6UAxO0j+zA6w=
10,6,fMncu+nYeQb070SHVvLHpnA9p7c=,c3RIBSQjRdd2ucXqzAzVHdjFIYw=
10,5,fMncu+nYeQb070SHVvLHpnA9p7c=,upn2kRZBO20wyQuWyPNo8VFqFQU=
9,5,fMncu+nYeQb070SHVvLHpnA9p7c=,+iGqjy3UN9fWPKRHzt9drTwxeqM=
8,8,fMncu+nYeQb070SHVvLHpnA9p7c=,ueUrTM3eprSYxfhDGFnsu2DUd94=
7,8,fMncu+nYeQb070SHVvLHpnA9p7c=,hiXX8/tyiwb5aJ36ADfFIjgoGbg=
8,7,fMncu+nYeQb070SHVvLHpnA9p7c=,Z3WNOdJ5muYbpQp6UAxO0j+zA6w=
7,7,fMncu+nYeQb070SHVvLHpnA9p7c=,Ee9WTkVEYpkTQJJMeAxytx0WjYQ=
13,5,fMncu+nYeQb070SHVvLHpnA9p7c=,PvRIQZfIy5aAjDojsb8U3r/7nOc=
14,5,fMncu+nYeQb070SHVvLHpnA9p7c=,2iQlsrS5GALYgQysFBakKh2YEzc=
14,6,fMncu+nYeQb070SHVvLHpnA9p7c=,17UrgLjUylGlGzaedRR7XZQ0FUE=
13,6,fMncu+nYeQb070SHVvLHpnA9p7c=,qal5bmsdCvWgyBf0IciCeQy2eiY=
15,6,fMncu+nYeQb070SHVvLHpnA9p7c=,17UrgLjUylGlGzaedRR7XZQ0FUE=
15,5,fMncu+nYeQb070SHVvLHpnA9p7c=,2iQlsrS5GALYgQysFBakKh2YEzc=
12,12,fMncu+nYeQb070SHVvLHpnA9p7c=,Mjf5xXeGNqnzwn91b/sj2zhJ6+A=
11,12,fMncu+nYeQb070SHVvLHpnA9p7c=,V23+B60MKxFlo0C7az5JBzOzlWo=
12,11,fMncu+nYeQb070SHVvLHpnA9p7c=,Fga0wwHqz6Sb2woWY86yok3QDbQ=
11,11,fMncu+nYeQb070SHVvLHpnA9p7c=,Rs+VT8me5Lg8WTx+JSLbApy4a4w=
6,13,fMncu+nYeQb070SHVvLHpnA9p7c=,zY653azfdrXZxRWlfJhhrXXLj5A=
5,12,fMncu+nYeQb070SHVvLHpnA9p7c=,8Z41+KWjEJ4CYCLadliYK2q1Euk=
5,11,fMncu+nYeQb070SHVvLHpnA9p7c=,4x/focSaiK3bjKh9RBP+SRRuGbY=
6,11,fMncu+nYeQb070SHVvLHpnA9p7c=,NpeBVZJu6OcZ16YDNagKcgiG7Jc=
5,13,fMncu+nYeQb070SHVvLHpnA9p7c=,8Z41+KWjEJ4CYCLadliYK2q1Euk=
6,12,fMncu+nYeQb070SHVvLHpnA9p7c=,zY653azfdrXZxRWlfJhhrXXLj5A=
13,10,fMncu+nYeQb070SHVvLHpnA9p7c=,Fga0wwHqz6Sb2woWY86yok3QDbQ=
13,8,fMncu+nYeQb070SHVvLHpnA9p7c=,gyV1tduNV03/E/GfrEeGBFqz1GM=
13,7,fMncu+nYeQb070SHVvLHpnA9p7c=,qal5bmsdCvWgyBf0IciCeQy2eiY=
15,7,fMncu+nYeQb070SHVvLHpnA9p7c=,17UrgLjUylGlGzaedRR7XZQ0FUE=
14,9,fMncu+nYeQb070SHVvLHpnA9p7c=,g3tAk2l1bmoBmzFnGscC11D+JY0=
15,8,fMncu+nYeQb070SHVvLHpnA9p7c=,g3tAk2l1bmoBmzFnGscC11D+JY0=
15,9,fMncu+nYeQb070SHVvLHpnA9p7c=,g3tAk2l1bmoBmzFnGscC11D+JY0=
14,7,fMncu+nYeQb070SHVvLHpnA9p7c=,17UrgLjUylGlGzaedRR7XZQ0FUE=
14,8,fMncu+nYeQb070SHVvLHpnA9p7c=,g3tAk2l1bmoBmzFnGscC11D+JY0=
7,11,fMncu+nYeQb070SHVvLHpnA9p7c=,NpeBVZJu6OcZ16YDNagKcgiG7Jc=
7,13,fMncu+nYeQb070SHVvLHpnA9p7c=,zY653azfdrXZxRWlfJhhrXXLj5A=
10,13,fMncu+nYeQb070SHVvLHpnA9p7c=,V23+B60MKxFlo0C7az5JBzOzlWo=
10,12,fMncu+nYeQb070SHVvLHpnA9p7c=,V23+B60MKxFlo0C7az5JBzOzlWo=
9,13,fMncu+nYeQb070SHVvLHpnA9p7c=,LqiWtgMJGC+psN1NlXo2paaHwwQ=
8,13,fMncu+nYeQb070SHVvLHpnA9p7c=,LqiWtgMJGC+psN1NlXo2paaHwwQ=
7,12,fMncu+nYeQb070SHVvLHpnA9p7c=,zY653azfdrXZxRWlfJhhrXXLj5A=
10,11,fMncu+nYeQb070SHVvLHpnA9p7c=,Rs+VT8me5Lg8WTx+JSLbApy4a4w=
9,12,fMncu+nYeQb070SHVvLHpnA9p7c=,LqiWtgMJGC+psN1NlXo2paaHwwQ=
8,12,fMncu+nYeQb070SHVvLHpnA9p7c=,LqiWtgMJGC+psN1NlXo2paaHwwQ=
13,9,fMncu+nYeQb070SHVvLHpnA9p7c=,gyV1tduNV03/E/GfrEeGBFqz1GM=
8,11,fMncu+nYeQb070SHVvLHpnA9p7c=,du6WOJKpefRDV3Cvlxx9dbxDkEo=
9,11,fMncu+nYeQb070SHVvLHpnA9p7c=,du6WOJKpefRDV3Cvlxx9dbxDkEo=
15,4,4vOAj4yPDZlG6D0/e0gcqaTh9oc=,2iQlsrS5GALYgQysFBakKh2YEzc=
15,3,4vOAj4yPDZlG6D0/e0gcqaTh9oc=,Y2hsOuODDP3VwyGgWivLeHoE3+c=
14,2,4vOAj4yPDZlG6D0/e0gcqaTh9oc=,Y2hsOuODDP3VwyGgWivLeHoE3+c=
13,2,4vOAj4yPDZlG6D0/e0gcqaTh9oc=,kdeXLL4SkQIQ8datfz2ZgYaC+kM=
13,1,4vOAj4yPDZlG6D0/e0gcqaTh9oc=,C4hKzwBmCC4us6ZKn5McmGwY65I=
14,1,4vOAj4yPDZlG6D0/e0gcqaTh9oc=,BnEJwDwoOxMkyi/V/Px9ijn6M9E=
12,2,4vOAj4yPDZlG6D0/e0gcqaTh9oc=,kdeXLL4SkQIQ8datfz2ZgYaC+kM=
11,2,4vOAj4yPDZlG6D0/e0gcqaTh9oc=,NUM8y5dULr95avOpikepeEX1bl0=
11,1,4vOAj4yPDZlG6D0/e0gcqaTh9oc=,PhiM5SbuZFrywjdYpU0bYp2PWH4=
12,1,4vOAj4yPDZlG6D0/e0gcqaTh9oc=,C4hKzwBmCC4us6ZKn5McmGwY65I=
10,2,4vOAj4yPDZlG6D0/e0gcqaTh9oc=,NUM8y5dULr95avOpikepeEX1bl0=
9,2,4vOAj4yPDZlG6D0/e0gcqaTh9oc=,61W1SqGBgxpfkvqESKVjpBr5NoE=
10,1,4vOAj4yPDZlG6D0/e0gcqaTh9oc=,PhiM5SbuZFrywjdYpU0bYp2PWH4=
9,1,4vOAj4yPDZlG6D0/e0gcqaTh9oc=,YkrOg6EPPBEWiZ4c0R03qRTwJU0=
8,2,4vOAj4yPDZlG6D0/e0gcqaTh9oc=,61W1SqGBgxpfkvqESKVjpBr5NoE=
7,2,4vOAj4yPDZlG6D0/e0gcqaTh9oc=,XUGzv49MNH5aMoQVLlly8Lg29Ps=
7,1,4vOAj4yPDZlG6D0/e0gcqaTh9oc=,x05YXhGILUgbiu0neKLwI2sbcHY=
8,1,4vOAj4yPDZlG6D0/e0gcqaTh9oc=,YkrOg6EPPBEWiZ4c0R03qRTwJU0=
8,3,4vOAj4yPDZlG6D0/e0gcqaTh9oc=,61W1SqGBgxpfkvqESKVjpBr5NoE=
7,4,4vOAj4yPDZlG6D0/e0gcqaTh9oc=,Z0mKzbriCLu61ytkatzOmR5+da8=
8,4,4vOAj4yPDZlG6D0/e0gcqaTh9oc=,+iGqjy3UN9fWPKRHzt9drTwxeqM=
7,3,4vOAj4yPDZlG6D0/e0gcqaTh9oc=,XUGzv49MNH5aMoQVLlly8Lg29Ps=
6,3,y/5LHBNAxqkmK1X1pdDjD/GpZ3A=,XUGzv49MNH5aMoQVLlly8Lg29Ps=
6,4,y/5LHBNAxqkmK1X1pdDjD/GpZ3A=,Z0mKzbriCLu61ytkatzOmR5+da8=
6,1,y/5LHBNAxqkmK1X1pdDjD/GpZ3A=,x05YXhGILUgbiu0neKLwI2sbcHY=
6,2,y/5LHBNAxqkmK1X1pdDjD/GpZ3A=,XUGzv49MNH5aMoQVLlly8Lg29Ps=
5,3,y/5LHBNAxqkmK1X1pdDjD/GpZ3A=,hyt7m+QwSIcahxf+PjcCnUmcZtQ=
5,1,y/5LHBNAxqkmK1X1pdDjD/GpZ3A=,P74LLv/jKTS7Z5aulILsHceaMv0=
5,2,y/5LHBNAxqkmK1X1pdDjD/GpZ3A=,hyt7m+QwSIcahxf+PjcCnUmcZtQ=
5,4,y/5LHBNAxqkmK1X1pdDjD/GpZ3A=,P/yZTZPzq+k2C9SjAC7QpsDNBhQ=
4,1,y/5LHBNAxqkmK1X1pdDjD/GpZ3A=,P74LLv/jKTS7Z5aulILsHceaMv0=
3,1,y/5LHBNAxqkmK1X1pdDjD/GpZ3A=,i7wXLyuZNh2Bo9S46GmPPxvGh3M=
3,2,y/5LHBNAxqkmK1X1pdDjD/GpZ3A=,CNTMnASKX+9rWvVJ/Cx5a/KjBEo=
4,2,y/5LHBNAxqkmK1X1pdDjD/GpZ3A=,hyt7m+QwSIcahxf+PjcCnUmcZtQ=
3,3,y/5LHBNAxqkmK1X1pdDjD/GpZ3A=,CNTMnASKX+9rWvVJ/Cx5a/KjBEo=
4,3,y/5LHBNAxqkmK1X1pdDjD/GpZ3A=,hyt7m+QwSIcahxf+PjcCnUmcZtQ=
4,4,y/5LHBNAxqkmK1X1pdDjD/GpZ3A=,P/yZTZPzq+k2C9SjAC7QpsDNBhQ=
3,4,y/5LHBNAxqkmK1X1pdDjD/GpZ3A=,bust4zL2JvMrwCpCAcX09DiivhU=
4,6,y/5LHBNAxqkmK1X1pdDjD/GpZ3A=,Mtop+zwp/HP6S5nOCXmZZmpU6xk=
3,8,y/5LHBNAxqkmK1X1pdDjD/GpZ3A=,u1xDhX604NLOy5B+oIf4tK2oz+4=
4,8,y/5LHBNAxqkmK1X1pdDjD/GpZ3A=,u1xDhX604NLOy5B+oIf4tK2oz+4=
3,5,YDjLfcSBf82dM6/38GnkGcQSzeg=,bust4zL2JvMrwCpCAcX09DiivhU=
4,5,YDjLfcSBf82dM6/38GnkGcQSzeg=,P/yZTZPzq+k2C9SjAC7QpsDNBhQ=
4,7,YDjLfcSBf82dM6/38GnkGcQSzeg=,Mtop+zwp/HP6S5nOCXmZZmpU6xk=
3,6,YDjLfcSBf82dM6/38GnkGcQSzeg=,1ieWnYnP81Uds19d0V4Pcw3W4f4=
3,7,YDjLfcSBf82dM6/38GnkGcQSzeg=,1ieWnYnP81Uds19d0V4Pcw3W4f4=
1,4,YDjLfcSBf82dM6/38GnkGcQSzeg=,+Snq/35jcsXAkDmgxTViQ3031IQ=
2,3,YDjLfcSBf82dM6/38GnkGcQSzeg=,CNTMnASKX+9rWvVJ/Cx5a/KjBEo=
2,4,YDjLfcSBf82dM6/38GnkGcQSzeg=,bust4zL2JvMrwCpCAcX09DiivhU=
1,3,YDjLfcSBf82dM6/38GnkGcQSzeg=,9wU+q/NdWXVteBQL3liaOhD/EtA=
2,8,YDjLfcSBf82dM6/38GnkGcQSzeg=,u1xDhX604NLOy5B+oIf4tK2oz+4=
2,5,YDjLfcSBf82dM6/38GnkGcQSzeg=,bust4zL2JvMrwCpCAcX09DiivhU=
1,5,YDjLfcSBf82dM6/38GnkGcQSzeg=,+Snq/35jcsXAkDmgxTViQ3031IQ=
2,7,YDjLfcSBf82dM6/38GnkGcQSzeg=,1ieWnYnP81Uds19d0V4Pcw3W4f4=
1,7,YDjLfcSBf82dM6/38GnkGcQSzeg=,SO3FY1ggRrAhcPFXCQ1c648bbTI=
1,6,YDjLfcSBf82dM6/38GnkGcQSzeg=,SO3FY1ggRrAhcPFXCQ1c648bbTI=
1,8,YDjLfcSBf82dM6/38GnkGcQSzeg=,XHt2w2YKPjjbSDudaLzxaohedbI=
2,6,YDjLfcSBf82dM6/38GnkGcQSzeg=,1ieWnYnP81Uds19d0V4Pcw3W4f4=
0,6,YDjLfcSBf82dM6/38GnkGcQSzeg=,SO3FY1ggRrAhcPFXCQ1c648bbTI=
0,5,YDjLfcSBf82dM6/38GnkGcQSzeg=,+Snq/35jcsXAkDmgxTViQ3031IQ=
2,2,YDjLfcSBf82dM6/38GnkGcQSzeg=,CNTMnASKX+9rWvVJ/Cx5a/KjBEo=
0,4,YDjLfcSBf82dM6/38GnkGcQSzeg=,+Snq/35jcsXAkDmgxTViQ3031IQ=
1,2,8qazvDzYH6IcopI4Z7erRMOc9dA=,9wU+q/NdWXVteBQL3liaOhD/EtA=
2,1,8qazvDzYH6IcopI4Z7erRMOc9dA=,i7wXLyuZNh2Bo9S46GmPPxvGh3M=
0,3,8qazvDzYH6IcopI4Z7erRMOc9dA=,9wU+q/NdWXVteBQL3liaOhD/EtA=
1,1,8qazvDzYH6IcopI4Z7erRMOc9dA=,gRx2rbljEbNsbNCOpkCwRR12fxo=
6,0,8qazvDzYH6IcopI4Z7erRMOc9dA=,x05YXhGILUgbiu0neKLwI2sbcHY=
0,1,8qazvDzYH6IcopI4Z7erRMOc9dA=,gRx2rbljEbNsbNCOpkCwRR12fxo=
4,0,8qazvDzYH6IcopI4Z7erRMOc9dA=,P74LLv/jKTS7Z5aulILsHceaMv0=
3,0,8qazvDzYH6IcopI4Z7erRMOc9dA=,i7wXLyuZNh2Bo9S46GmPPxvGh3M=
5,0,8qazvDzYH6IcopI4Z7erRMOc9dA=,P74LLv/jKTS7Z5aulILsHceaMv0=
2,0,8qazvDzYH6IcopI4Z7erRMOc9dA=,i7wXLyuZNh2Bo9S46GmPPxvGh3M=
12,0,8qazvDzYH6IcopI4Z7erRMOc9dA=,C4hKzwBmCC4us6ZKn5McmGwY65I=
14,0,8qazvDzYH6IcopI4Z7erRMOc9dA=,BnEJwDwoOxMkyi/V/Px9ijn6M9E=
11,0,8qazvDzYH6IcopI4Z7erRMOc9dA=,PhiM5SbuZFrywjdYpU0bYp2PWH4=
13,12,8qazvDzYH6IcopI4Z7erRMOc9dA=,Mjf5xXeGNqnzwn91b/sj2zhJ6+A=
13,11,8qazvDzYH6IcopI4Z7erRMOc9dA=,Fga0wwHqz6Sb2woWY86yok3QDbQ=
11,13,8qazvDzYH6IcopI4Z7erRMOc9dA=,V23+B60MKxFlo0C7az5JBzOzlWo=
12,13,8qazvDzYH6IcopI4Z7erRMOc9dA=,Mjf5xXeGNqnzwn91b/sj2zhJ6+A=
1,0,8qazvDzYH6IcopI4Z7erRMOc9dA=,gRx2rbljEbNsbNCOpkCwRR12fxo=
10,0,8qazvDzYH6IcopI4Z7erRMOc9dA=,PhiM5SbuZFrywjdYpU0bYp2PWH4=
8,0,8qazvDzYH6IcopI4Z7erRMOc9dA=,YkrOg6EPPBEWiZ4c0R03qRTwJU0=
7,0,8qazvDzYH6IcopI4Z7erRMOc9dA=,x05YXhGILUgbiu0neKLwI2sbcHY=
13,0,8qazvDzYH6IcopI4Z7erRMOc9dA=,C4hKzwBmCC4us6ZKn5McmGwY65I=
9,0,8qazvDzYH6IcopI4Z7erRMOc9dA=,YkrOg6EPPBEWiZ4c0R03qRTwJU0=
0,2,8qazvDzYH6IcopI4Z7erRMOc9dA=,9wU+q/NdWXVteBQL3liaOhD/EtA=
14,14,8qazvDzYH6IcopI4Z7erRMOc9dA=,DSqL52jId8vqKcPDgfQystTzd68=
13,13,8qazvDzYH6IcopI4Z7erRMOc9dA=,Mjf5xXeGNqnzwn91b/sj2zhJ6+A=
15,14,8qazvDzYH6IcopI4Z7erRMOc9dA=,DSqL52jId8vqKcPDgfQystTzd68=
14,15,8qazvDzYH6IcopI4Z7erRMOc9dA=,DSqL52jId8vqKcPDgfQystTzd68=
15,15,8qazvDzYH6IcopI4Z7erRMOc9dA=,DSqL52jId8vqKcPDgfQystTzd68=
15,2,8qazvDzYH6IcopI4Z7erRMOc9dA=,Y2hsOuODDP3VwyGgWivLeHoE3+c=
15,0,8qazvDzYH6IcopI4Z7erRMOc9dA=,BnEJwDwoOxMkyi/V/Px9ijn6M9E=
15,1,8qazvDzYH6IcopI4Z7erRMOc9dA=,BnEJwDwoOxMkyi/V/Px9ijn6M9E=
0,12,8qazvDzYH6IcopI4Z7erRMOc9dA=,FAjFYVgk754X5G2jT5840T+RXYk=
0,11,8qazvDzYH6IcopI4Z7erRMOc9dA=,0M3izuAmbGEdsXWXLI+WF8BAmEs=
0,10,8qazvDzYH6IcopI4Z7erRMOc9dA=,0M3izuAmbGEdsXWXLI+WF8BAmEs=
0,9,8qazvDzYH6IcopI4Z7erRMOc9dA=,XHt2w2YKPjjbSDudaLzxaohedbI=
0,8,8qazvDzYH6IcopI4Z7erRMOc9dA=,XHt2w2YKPjjbSDudaLzxaohedbI=
0,7,8qazvDzYH6IcopI4Z7erRMOc9dA=,SO3FY1ggRrAhcPFXCQ1c648bbTI=
0,0,8qazvDzYH6IcopI4Z7erRMOc9dA=,gRx2rbljEbNsbNCOpkCwRR12fxo=
14,17,2p705oZ2xQsKXBIYT5VAohMkklM=,QRXz6NULDwAxxsOCVs8A0CkQcjQ=
15,17,2p705oZ2xQsKXBIYT5VAohMkklM=,QRXz6NULDwAxxsOCVs8A0CkQcjQ=
14,16,2p705oZ2xQsKXBIYT5VAohMkklM=,QRXz6NULDwAxxsOCVs8A0CkQcjQ=
15,16,2p705oZ2xQsKXBIYT5VAohMkklM=,QRXz6NULDwAxxsOCVs8A0CkQcjQ=
4,28,2p705oZ2xQsKXBIYT5VAohMkklM=,oUpTD++A6jxMfnPObRqPKjtejlo=
4,27,2p705oZ2xQsKXBIYT5VAohMkklM=,cZmVj9aW29Fv6zCxsMbiLrpIPu0=
3,28,2p705oZ2xQsKXBIYT5VAohMkklM=,/6E8N+Um7dO9+YE5iv7Ckw7HjF4=
3,27,2p705oZ2xQsKXBIYT5VAohMkklM=,BcqZ7M4ZBQk1oN9gxmr5fDw9WvY=
2,28,lX6rv3s0h8bTBKZDwL/t1pfYiPQ=,/6E8N+Um7dO9+YE5iv7Ckw7HjF4=
4,25,lX6rv3s0h8bTBKZDwL/t1pfYiPQ=,vNiAw5whqMpgyplRvks9tbRJ9kQ=
1,28,lX6rv3s0h8bTBKZDwL/t1pfYiPQ=,skvLP4XeSMBNYsT0lOIIczA4c7g=
4,26,lX6rv3s0h8bTBKZDwL/t1pfYiPQ=,cZmVj9aW29Fv6zCxsMbiLrpIPu0=
2,27,lX6rv3s0h8bTBKZDwL/t1pfYiPQ=,BcqZ7M4ZBQk1oN9gxmr5fDw9WvY=
1,25,lX6rv3s0h8bTBKZDwL/t1pfYiPQ=,M2NPw5tqwkfpFrKGIed4XAiySdE=
1,27,lX6rv3s0h8bTBKZDwL/t1pfYiPQ=,eHGdhnvqefDWmnSQ49hSpTvuhvg=
3,25,lX6rv3s0h8bTBKZDwL/t1pfYiPQ=,1pLNdxaxpz9x2AzSGzNklzXytd8=
1,26,lX6rv3s0h8bTBKZDwL/t1pfYiPQ=,eHGdhnvqefDWmnSQ49hSpTvuhvg=
3,26,lX6rv3s0h8bTBKZDwL/t1pfYiPQ=,BcqZ7M4ZBQk1oN9gxmr5fDw9WvY=
2,26,lX6rv3s0h8bTBKZDwL/t1pfYiPQ=,BcqZ7M4ZBQk1oN9gxmr5fDw9WvY=
2,25,lX6rv3s0h8bTBKZDwL/t1pfYiPQ=,1pLNdxaxpz9x2AzSGzNklzXytd8=
1,20,lX6rv3s0h8bTBKZDwL/t1pfYiPQ=,i7FAF2ZI+VwCN8WpT3v48x42cMg=
1,19,lX6rv3s0h8bTBKZDwL/t1pfYiPQ=,JwM/LTQe1LESw0Hy4CYQPwgpi8c=
2,20,lX6rv3s0h8bTBKZDwL/t1pfYiPQ=,4XDet+etCXjmoeDx+apDDdhbPFQ=
4,24,lX6rv3s0h8bTBKZDwL/t1pfYiPQ=,vNiAw5whqMpgyplRvks9tbRJ9kQ=
3,21,lX6rv3s0h8bTBKZDwL/t1pfYiPQ=,4XDet+etCXjmoeDx+apDDdhbPFQ=
3,22,lX6rv3s0h8bTBKZDwL/t1pfYiPQ=,jrROMZH/3fOhe0wkEEYkSjUl95A=
3,24,lX6rv3s0h8bTBKZDwL/t1pfYiPQ=,1pLNdxaxpz9x2AzSGzNklzXytd8=
3,23,lX6rv3s0h8bTBKZDwL/t1pfYiPQ=,jrROMZH/3fOhe0wkEEYkSjUl95A=
2,24,lX6rv3s0h8bTBKZDwL/t1pfYiPQ=,1pLNdxaxpz9x2AzSGzNklzXytd8=
2,21,lX6rv3s0h8bTBKZDwL/t1pfYiPQ=,4XDet+etCXjmoeDx+apDDdhbPFQ=
1,21,lX6rv3s0h8bTBKZDwL/t1pfYiPQ=,i7FAF2ZI+VwCN8WpT3v48x42cMg=
0,20,lX6rv3s0h8bTBKZDwL/t1pfYiPQ=,i7FAF2ZI+VwCN8WpT3v48x42cMg=
1,24,lX6rv3s0h8bTBKZDwL/t1pfYiPQ=,M2NPw5tqwkfpFrKGIed4XAiySdE=
0,19,lX6rv3s0h8bTBKZDwL/t1pfYiPQ=,JwM/LTQe1LESw0Hy4CYQPwgpi8c=
0,24,lX6rv3s0h8bTBKZDwL/t1pfYiPQ=,M2NPw5tqwkfpFrKGIed4XAiySdE=
0,25,hJLi5gEDJnkzCTQiHZW0secBWx8=,M2NPw5tqwkfpFrKGIed4XAiySdE=
2,23,hJLi5gEDJnkzCTQiHZW0secBWx8=,jrROMZH/3fOhe0wkEEYkSjUl95A=
0,21,hJLi5gEDJnkzCTQiHZW0secBWx8=,i7FAF2ZI+VwCN8WpT3v48x42cMg=
0,23,hJLi5gEDJnkzCTQiHZW0secBWx8=,VYcaM0yzuk4QpVMwZdWJIznYVsI=
0,22,hJLi5gEDJnkzCTQiHZW0secBWx8=,VYcaM0yzuk4QpVMwZdWJIznYVsI=
1,22,hJLi5gEDJnkzCTQiHZW0secBWx8=,VYcaM0yzuk4QpVMwZdWJIznYVsI=
0,26,hJLi5gEDJnkzCTQiHZW0secBWx8=,eHGdhnvqefDWmnSQ49hSpTvuhvg=
1,18,hJLi5gEDJnkzCTQiHZW0secBWx8=,JwM/LTQe1LESw0Hy4CYQPwgpi8c=
1,17,hJLi5gEDJnkzCTQiHZW0secBWx8=,WAZ0nA3oFD7c3OoERhNlGoUEPUU=
2,22,hJLi5gEDJnkzCTQiHZW0secBWx8=,jrROMZH/3fOhe0wkEEYkSjUl95A=
2,17,hJLi5gEDJnkzCTQiHZW0secBWx8=,IS8M3puKiiirB2ZYV+CNvdpBi98=
1,23,hJLi5gEDJnkzCTQiHZW0secBWx8=,VYcaM0yzuk4QpVMwZdWJIznYVsI=
2,16,hJLi5gEDJnkzCTQiHZW0secBWx8=,IS8M3puKiiirB2ZYV+CNvdpBi98=
0,17,hJLi5gEDJnkzCTQiHZW0secBWx8=,WAZ0nA3oFD7c3OoERhNlGoUEPUU=
0,18,hJLi5gEDJnkzCTQiHZW0secBWx8=,JwM/LTQe1LESw0Hy4CYQPwgpi8c=
1,16,hJLi5gEDJnkzCTQiHZW0secBWx8=,WAZ0nA3oFD7c3OoERhNlGoUEPUU=
0,16,hJLi5gEDJnkzCTQiHZW0secBWx8=,WAZ0nA3oFD7c3OoERhNlGoUEPUU=
9,30,SFSJeH3GCpyye5vCri/qzKe6OGc=,0OKFkGMmrCcrtSggb2RfXefSUqU=
9,29,SFSJeH3GCpyye5vCri/qzKe6OGc=,w33rlw5/wH7j3fQoP8zfC+xW2Y0=
10,30,SFSJeH3GCpyye5vCri/qzKe6OGc=,r0OCwJX90gv0QxuR2JSgkfWU93M=
10,29,SFSJeH3GCpyye5vCri/qzKe6OGc=,t4rbaSDW0ZBj0PNmVguHARc7Ft0=
12,30,SFSJeH3GCpyye5vCri/qzKe6OGc=,qP8imZdDai9j7yeEYwrRxVs6cF4=
12,29,SFSJeH3GCpyye5vCri/qzKe6OGc=,U8pNzeDELldiBdwmHYYqbz0Zsu8=
11,29,SFSJeH3GCpyye5vCri/qzKe6OGc=,t4rbaSDW0ZBj0PNmVguHARc7Ft0=
11,30,SFSJeH3GCpyye5vCri/qzKe6OGc=,r0OCwJX90gv0QxuR2JSgkfWU93M=
15,28,SFSJeH3GCpyye5vCri/qzKe6OGc=,oZ8S/57vorOcPldGNXhSSpcoTco=
15,27,SFSJeH3GCpyye5vCri/qzKe6OGc=,wdJ4Qejw3+N3gz8LdZj4a2roSbs=
14,26,SFSJeH3GCpyye5vCri/qzKe6OGc=,wdJ4Qejw3+N3gz8LdZj4a2roSbs=
13,26,SFSJeH3GCpyye5vCri/qzKe6OGc=,WQ8qG+xAkO2KAn7v8sjZ2VuZWYI=
14,27,SFSJeH3GCpyye5vCri/qzKe6OGc=,wdJ4Qejw3+N3gz8LdZj4a2roSbs=
14,28,SFSJeH3GCpyye5vCri/qzKe6OGc=,oZ8S/57vorOcPldGNXhSSpcoTco=
13,27,SFSJeH3GCpyye5vCri/qzKe6OGc=,WQ8qG+xAkO2KAn7v8sjZ2VuZWYI=
13,28,SFSJeH3GCpyye5vCri/qzKe6OGc=,U8pNzeDELldiBdwmHYYqbz0Zsu8=
10,28,SFSJeH3GCpyye5vCri/qzKe6OGc=,t4rbaSDW0ZBj0PNmVguHARc7Ft0=
11,26,SFSJeH3GCpyye5vCri/qzKe6OGc=,LxVDtIrDmkYy02aM5A7TJFzyksU=
12,26,SFSJeH3GCpyye5vCri/qzKe6OGc=,WQ8qG+xAkO2KAn7v8sjZ2VuZWYI=
9,28,SFSJeH3GCpyye5vCri/qzKe6OGc=,w33rlw5/wH7j3fQoP8zfC+xW2Y0=
9,27,SFSJeH3GCpyye5vCri/qzKe6OGc=,au6suQCnVWa2cQOGfG5T3dxQbno=
12,28,SFSJeH3GCpyye5vCri/qzKe6OGc=,U8pNzeDELldiBdwmHYYqbz0Zsu8=
11,27,SFSJeH3GCpyye5vCri/qzKe6OGc=,LxVDtIrDmkYy02aM5A7TJFzyksU=
11,28,SFSJeH3GCpyye5vCri/qzKe6OGc=,t4rbaSDW0ZBj0PNmVguHARc7Ft0=
12,27,SFSJeH3GCpyye5vCri/qzKe6OGc=,WQ8qG+xAkO2KAn7v8sjZ2VuZWYI=
10,27,SFSJeH3GCpyye5vCri/qzKe6OGc=,LxVDtIrDmkYy02aM5A7TJFzyksU=
15,29,SFSJeH3GCpyye5vCri/qzKe6OGc=,oZ8S/57vorOcPldGNXhSSpcoTco=
15,30,SFSJeH3GCpyye5vCri/qzKe6OGc=,aTmTweaM4bgwVFoQjDxwB9PRRRs=
13,30,SFSJeH3GCpyye5vCri/qzKe6OGc=,qP8imZdDai9j7yeEYwrRxVs6cF4=
14,29,SFSJeH3GCpyye5vCri/qzKe6OGc=,oZ8S/57vorOcPldGNXhSSpcoTco=
14,30,SFSJeH3GCpyye5vCri/qzKe6OGc=,aTmTweaM4bgwVFoQjDxwB9PRRRs=
13,29,SFSJeH3GCpyye5vCri/qzKe6OGc=,U8pNzeDELldiBdwmHYYqbz0Zsu8=
15,31,EqZ8fzEMjolrmFu4+Q7svgtz08g=,aTmTweaM4bgwVFoQjDxwB9PRRRs=
13,31,EqZ8fzEMjolrmFu4+Q7svgtz08g=,qP8imZdDai9j7yeEYwrRxVs6cF4=
14,31,EqZ8fzEMjolrmFu4+Q7svgtz08g=,aTmTweaM4bgwVFoQjDxwB9PRRRs=
12,31,EqZ8fzEMjolrmFu4+Q7svgtz08g=,qP8imZdDai9j7yeEYwrRxVs6cF4=
10,31,EqZ8fzEMjolrmFu4+Q7svgtz08g=,r0OCwJX90gv0QxuR2JSgkfWU93M=
9,31,EqZ8fzEMjolrmFu4+Q7svgtz08g=,0OKFkGMmrCcrtSggb2RfXefSUqU=
11,31,EqZ8fzEMjolrmFu4+Q7svgtz08g=,r0OCwJX90gv0QxuR2JSgkfWU93M=
5,24,EqZ8fzEMjolrmFu4+Q7svgtz08g=,vNiAw5whqMpgyplRvks9tbRJ9kQ=
4,30,EqZ8fzEMjolrmFu4+Q7svgtz08g=,yCIRhKzeqj3YAUYUAUYmpX5DMaE=
9,26,EqZ8fzEMjolrmFu4+Q7svgtz08g=,au6suQCnVWa2cQOGfG5T3dxQbno=
10,26,EqZ8fzEMjolrmFu4+Q7svgtz08g=,LxVDtIrDmkYy02aM5A7TJFzyksU=
4,29,EqZ8fzEMjolrmFu4+Q7svgtz08g=,oUpTD++A6jxMfnPObRqPKjtejlo=
2,30,EqZ8fzEMjolrmFu4+Q7svgtz08g=,XQ4iiIUY61pLavAwhDUww/MLn/0=
1,30,EqZ8fzEMjolrmFu4+Q7svgtz08g=,GZDG+PxoRLVvVLmIWeJmd1KhxYw=
3,30,EqZ8fzEMjolrmFu4+Q7svgtz08g=,XQ4iiIUY61pLavAwhDUww/MLn/0=
2,29,EqZ8fzEMjolrmFu4+Q7svgtz08g=,/6E8N+Um7dO9+YE5iv7Ckw7HjF4=
1,29,EqZ8fzEMjolrmFu4+Q7svgtz08g=,skvLP4XeSMBNYsT0lOIIczA4c7g=
3,29,EqZ8fzEMjolrmFu4+Q7svgtz08g=,/6E8N+Um7dO9+YE5iv7Ckw7HjF4=
7,31,EqZ8fzEMjolrmFu4+Q7svgtz08g=,oxgp9j3j4mvTvjgAfbtbasNZ2wk=
8,31,EqZ8fzEMjolrmFu4+Q7svgtz08g=,0OKFkGMmrCcrtSggb2RfXefSUqU=
6,31,EqZ8fzEMjolrmFu4+Q7svgtz08g=,oxgp9j3j4mvTvjgAfbtbasNZ2wk=
4,31,EqZ8fzEMjolrmFu4+Q7svgtz08g=,yCIRhKzeqj3YAUYUAUYmpX5DMaE=
5,31,EqZ8fzEMjolrmFu4+Q7svgtz08g=,yCIRhKzeqj3YAUYUAUYmpX5DMaE=
3,31,EqZ8fzEMjolrmFu4+Q7svgtz08g=,XQ4iiIUY61pLavAwhDUww/MLn/0=
8,29,EqZ8fzEMjolrmFu4+Q7svgtz08g=,w33rlw5/wH7j3fQoP8zfC+xW2Y0=
7,30,EqZ8fzEMjolrmFu4+Q7svgtz08g=,oxgp9j3j4mvTvjgAfbtbasNZ2wk=
8,30,EqZ8fzEMjolrmFu4+Q7svgtz08g=,0OKFkGMmrCcrtSggb2RfXefSUqU=
6,29,EqZ8fzEMjolrmFu4+Q7svgtz08g=,sL9hCGM2tDjK1rNPT8FEbay1xzM=
6,30,EqZ8fzEMjolrmFu4+Q7svgtz08g=,oxgp9j3j4mvTvjgAfbtbasNZ2wk=
7,29,EqZ8fzEMjolrmFu4+Q7svgtz08g=,sL9hCGM2tDjK1rNPT8FEbay1xzM=
5,30,EqZ8fzEMjolrmFu4+Q7svgtz08g=,yCIRhKzeqj3YAUYUAUYmpX5DMaE=
5,25,EqZ8fzEMjolrmFu4+Q7svgtz08g=,vNiAw5whqMpgyplRvks9tbRJ9kQ=
5,29,EqZ8fzEMjolrmFu4+Q7svgtz08g=,oUpTD++A6jxMfnPObRqPKjtejlo=
8,26,EqZ8fzEMjolrmFu4+Q7svgtz08g=,au6suQCnVWa2cQOGfG5T3dxQbno=
7,26,EqZ8fzEMjolrmFu4+Q7svgtz08g=,NYQ6bVHk8Dodz4hh0qrn49gsSp8=
8,28,EqZ8fzEMjolrmFu4+Q7svgtz08g=,w33rlw5/wH7j3fQoP8zfC+xW2Y0=
6,26,EqZ8fzEMjolrmFu4+Q7svgtz08g=,NYQ6bVHk8Dodz4hh0qrn49gsSp8=
6,28,EqZ8fzEMjolrmFu4+Q7svgtz08g=,sL9hCGM2tDjK1rNPT8FEbay1xzM=
7,27,EqZ8fzEMjolrmFu4+Q7svgtz08g=,NYQ6bVHk8Dodz4hh0qrn49gsSp8=
8,27,EqZ8fzEMjolrmFu4+Q7svgtz08g=,au6suQCnVWa2cQOGfG5T3dxQbno=
7,28,EqZ8fzEMjolrmFu4+Q7svgtz08g=,sL9hCGM2tDjK1rNPT8FEbay1xzM=
6,27,EqZ8fzEMjolrmFu4+Q7svgtz08g=,NYQ6bVHk8Dodz4hh0qrn49gsSp8=
5,26,EqZ8fzEMjolrmFu4+Q7svgtz08g=,cZmVj9aW29Fv6zCxsMbiLrpIPu0=
5,27,FKfDwVGEOLH1yqjvpF0loyBQxbY=,cZmVj9aW29Fv6zCxsMbiLrpIPu0=
5,28,FKfDwVGEOLH1yqjvpF0loyBQxbY=,oUpTD++A6jxMfnPObRqPKjtejlo=
3,20,FKfDwVGEOLH1yqjvpF0loyBQxbY=,4XDet+etCXjmoeDx+apDDdhbPFQ=
3,17,FKfDwVGEOLH1yqjvpF0loyBQxbY=,IS8M3puKiiirB2ZYV+CNvdpBi98=
3,16,FKfDwVGEOLH1yqjvpF0loyBQxbY=,IS8M3puKiiirB2ZYV+CNvdpBi98=
1,31,FKfDwVGEOLH1yqjvpF0loyBQxbY=,GZDG+PxoRLVvVLmIWeJmd1KhxYw=
15,26,FKfDwVGEOLH1yqjvpF0loyBQxbY=,wdJ4Qejw3+N3gz8LdZj4a2roSbs=
2,31,FKfDwVGEOLH1yqjvpF0loyBQxbY=,XQ4iiIUY61pLavAwhDUww/MLn/0=
0,31,FKfDwVGEOLH1yqjvpF0loyBQxbY=,GZDG+PxoRLVvVLmIWeJmd1KhxYw=
0,30,FKfDwVGEOLH1yqjvpF0loyBQxbY=,GZDG+PxoRLVvVLmIWeJmd1KhxYw=
0,29,FKfDwVGEOLH1yqjvpF0loyBQxbY=,skvLP4XeSMBNYsT0lOIIczA4c7g=
0,27,FKfDwVGEOLH1yqjvpF0loyBQxbY=,eHGdhnvqefDWmnSQ49hSpTvuhvg=
0,28,FKfDwVGEOLH1yqjvpF0loyBQxbY=,skvLP4XeSMBNYsT0lOIIczA4c7g=
18,18,xJERfK62ExH9nOQnNnBu5si9Uhc=,luf8JYN9Mp/P5zdkO+n2NjuaLpk=
17,17,xJERfK62ExH9nOQnNnBu5si9Uhc=,9c9EBXRpD4JIx38SSOQmb918xGE=
19,18,xJERfK62ExH9nOQnNnBu5si9Uhc=,luf8JYN9Mp/P5zdkO+n2NjuaLpk=
17,16,xJERfK62ExH9nOQnNnBu5si9Uhc=,9c9EBXRpD4JIx38SSOQmb918xGE=
20,19,xJERfK62ExH9nOQnNnBu5si9Uhc=,LtxdlWZZyj6BzTZf8kT/ZHVaXhw=
21,19,xJERfK62ExH9nOQnNnBu5si9Uhc=,LtxdlWZZyj6BzTZf8kT/ZHVaXhw=
21,18,xJERfK62ExH9nOQnNnBu5si9Uhc=,LtxdlWZZyj6BzTZf8kT/ZHVaXhw=
16,17,xJERfK62ExH9nOQnNnBu5si9Uhc=,9c9EBXRpD4JIx38SSOQmb918xGE=
20,18,xJERfK62ExH9nOQnNnBu5si9Uhc=,LtxdlWZZyj6BzTZf8kT/ZHVaXhw=
19,19,xJERfK62ExH9nOQnNnBu5si9Uhc=,luf8JYN9Mp/P5zdkO+n2NjuaLpk=
16,16,xJERfK62ExH9nOQnNnBu5si9Uhc=,9c9EBXRpD4JIx38SSOQmb918xGE=
21,30,xJERfK62ExH9nOQnNnBu5si9Uhc=,PoEUTQ6+hOhhKdwY0O6noeDg6KU=
20,30,gda6njK+3jQTVgENqoCcvDJrA4U=,PoEUTQ6+hOhhKdwY0O6noeDg6KU=
19,30,gda6njK+3jQTVgENqoCcvDJrA4U=,sqO9r+aW59+zl+2KeKVrKF79jCE=
17,30,gda6njK+3jQTVgENqoCcvDJrA4U=,PLi1xutI3z8Zc48+M6qOVm6rM/0=
18,30,gda6njK+3jQTVgENqoCcvDJrA4U=,sqO9r+aW59+zl+2KeKVrKF79jCE=
20,31,gda6njK+3jQTVgENqoCcvDJrA4U=,PoEUTQ6+hOhhKdwY0O6noeDg6KU=
19,31,gda6njK+3jQTVgENqoCcvDJrA4U=,sqO9r+aW59+zl+2KeKVrKF79jCE=
18,31,gda6njK+3jQTVgENqoCcvDJrA4U=,sqO9r+aW59+zl+2KeKVrKF79jCE=
21,31,gda6njK+3jQTVgENqoCcvDJrA4U=,PoEUTQ6+hOhhKdwY0O6noeDg6KU=
18,19,gda6njK+3jQTVgENqoCcvDJrA4U=,luf8JYN9Mp/P5zdkO+n2NjuaLpk=
17,31,gda6njK+3jQTVgENqoCcvDJrA4U=,PLi1xutI3z8Zc48+M6qOVm6rM/0=
16,30,gda6njK+3jQTVgENqoCcvDJrA4U=,PLi1xutI3z8Zc48+M6qOVm6rM/0=
16,31,gda6njK+3jQTVgENqoCcvDJrA4U=,PLi1xutI3z8Zc48+M6qOVm6rM/0=
21,4,AiX8UWcEpRM2Q6VfXCvptw1BkiE=,gKCTkuxblYJBVa4/KXIuNdE/u+Y=
21,3,AiX8UWcEpRM2Q6VfXCvptw1BkiE=,9Hgw9BQrwSlxM3mTFiyXNrWyIE4=
22,3,AiX8UWcEpRM2Q6VfXCvptw1BkiE=,9SwJBeORDYE0E5AsGSCRjHVCiuw=
22,4,AiX8UWcEpRM2Q6VfXCvptw1BkiE=,n0MUdFRGWKy7joMGgT2GCr732jU=
18,3,AiX8UWcEpRM2Q6VfXCvptw1BkiE=,R6+/4IfQg1rlBN+Hb6jPxTA03Cc=
18,4,AiX8UWcEpRM2Q6VfXCvptw1BkiE=,wrLPupNjYqDKhrA9PVAnWojw8bI=
19,3,AiX8UWcEpRM2Q6VfXCvptw1BkiE=,R6+/4IfQg1rlBN+Hb6jPxTA03Cc=
19,4,AiX8UWcEpRM2Q6VfXCvptw1BkiE=,wrLPupNjYqDKhrA9PVAnWojw8bI=
20,3,AiX8UWcEpRM2Q6VfXCvptw1BkiE=,9Hgw9BQrwSlxM3mTFiyXNrWyIE4=
20,4,AiX8UWcEpRM2Q6VfXCvptw1BkiE=,gKCTkuxblYJBVa4/KXIuNdE/u+Y=
17,4,AiX8UWcEpRM2Q6VfXCvptw1BkiE=,MOMxlSr4BMa1KJbyInFhRQZjsdw=
17,3,AiX8UWcEpRM2Q6VfXCvptw1BkiE=,dSbhzR3jucgB1VeSp0/S2t7U3Hc=
17,5,YsTu3MDmBCdgZsTAWvvmdnk+kVg=,MOMxlSr4BMa1KJbyInFhRQZjsdw=
18,5,YsTu3MDmBCdgZsTAWvvmdnk+kVg=,wrLPupNjYqDKhrA9PVAnWojw8bI=
17,6,YsTu3MDmBCdgZsTAWvvmdnk+kVg=,MLVBGqxBimi5vLSFgBNw7DmMVqM=
18,6,YsTu3MDmBCdgZsTAWvvmdnk+kVg=,9irKke8aWjySxVw1LzW5ZkIQTxM=
18,7,YsTu3MDmBCdgZsTAWvvmdnk+kVg=,9irKke8aWjySxVw1LzW5ZkIQTxM=
18,8,YsTu3MDmBCdgZsTAWvvmdnk+kVg=,PhZxbBn7F1H9czUUNxzVe9pWG8c=
17,8,YsTu3MDmBCdgZsTAWvvmdnk+kVg=,LK9x+UjndnrwOxfoskL7ojY1qbI=
17,7,YsTu3MDmBCdgZsTAWvvmdnk+kVg=,MLVBGqxBimi5vLSFgBNw7DmMVqM=
19,6,YsTu3MDmBCdgZsTAWvvmdnk+kVg=,9irKke8aWjySxVw1LzW5ZkIQTxM=
20,5,YsTu3MDmBCdgZsTAWvvmdnk+kVg=,gKCTkuxblYJBVa4/KXIuNdE/u+Y=
19,5,YsTu3MDmBCdgZsTAWvvmdnk+kVg=,wrLPupNjYqDKhrA9PVAnWojw8bI=
20,6,YsTu3MDmBCdgZsTAWvvmdnk+kVg=,2KGWYZG4/+2F+w4eajJgB+/o+hk=
20,7,YsTu3MDmBCdgZsTAWvvmdnk+kVg=,2KGWYZG4/+2F+w4eajJgB+/o+hk=
19,7,YsTu3MDmBCdgZsTAWvvmdnk+kVg=,9irKke8aWjySxVw1LzW5ZkIQTxM=
20,8,YsTu3MDmBCdgZsTAWvvmdnk+kVg=,RmPUggX/wP5HY32o+oLef4FqvCI=
19,8,YsTu3MDmBCdgZsTAWvvmdnk+kVg=,PhZxbBn7F1H9czUUNxzVe9pWG8c=
22,5,YsTu3MDmBCdgZsTAWvvmdnk+kVg=,n0MUdFRGWKy7joMGgT2GCr732jU=
22,6,YsTu3MDmBCdgZsTAWvvmdnk+kVg=,zVBig8l399GgzxOjJ4mDRTuI2rc=
21,5,YsTu3MDmBCdgZsTAWvvmdnk+kVg=,gKCTkuxblYJBVa4/KXIuNdE/u+Y=
21,6,YsTu3MDmBCdgZsTAWvvmdnk+kVg=,2KGWYZG4/+2F+w4eajJgB+/o+hk=
24,5,FJn3FJ3oCY7jgoS96QCiX2kPoNs=,13n8iQSYzNDGIlqa2Cr+yx/zNs0=
24,6,FJn3FJ3oCY7jgoS96QCiX2kPoNs=,NPM6O61I7vo4zk8O4sZpt7DDEoU=
23,6,FJn3FJ3oCY7jgoS96QCiX2kPoNs=,zVBig8l399GgzxOjJ4mDRTuI2rc=
23,5,FJn3FJ3oCY7jgoS96QCiX2kPoNs=,n0MUdFRGWKy7joMGgT2GCr732jU=
24,3,FJn3FJ3oCY7jgoS96QCiX2kPoNs=,Lz8sTGiJA0lhaLdfrf5VNr5P1ZA=
24,4,FJn3FJ3oCY7jgoS96QCiX2kPoNs=,13n8iQSYzNDGIlqa2Cr+yx/zNs0=
23,3,FJn3FJ3oCY7jgoS96QCiX2kPoNs=,9SwJBeORDYE0E5AsGSCRjHVCiuw=
23,4,FJn3FJ3oCY7jgoS96QCiX2kPoNs=,n0MUdFRGWKy7joMGgT2GCr732jU=
24,8,FJn3FJ3oCY7jgoS96QCiX2kPoNs=,WIOtl/CuWDXKY/mowUVCDdhq1hM=
24,7,FJn3FJ3oCY7jgoS96QCiX2kPoNs=,NPM6O61I7vo4zk8O4sZpt7DDEoU=
21,7,FJn3FJ3oCY7jgoS96QCiX2kPoNs=,2KGWYZG4/+2F+w4eajJgB+/o+hk=
22,7,FJn3FJ3oCY7jgoS96QCiX2kPoNs=,zVBig8l399GgzxOjJ4mDRTuI2rc=
22,8,FJn3FJ3oCY7jgoS96QCiX2kPoNs=,ynobQdnz1gA99iyYpPwzCbZhVAg=
23,8,FJn3FJ3oCY7jgoS96QCiX2kPoNs=,ynobQdnz1gA99iyYpPwzCbZhVAg=
23,7,FJn3FJ3oCY7jgoS96QCiX2kPoNs=,zVBig8l399GgzxOjJ4mDRTuI2rc=
21,8,FJn3FJ3oCY7jgoS96QCiX2kPoNs=,RmPUggX/wP5HY32o+oLef4FqvCI=
24,1,FJn3FJ3oCY7jgoS96QCiX2kPoNs=,PISsz+0+NOSDgPos8KV4HEh7eWw=
24,2,FJn3FJ3oCY7jgoS96QCiX2kPoNs=,Lz8sTGiJA0lhaLdfrf5VNr5P1ZA=
23,1,FJn3FJ3oCY7jgoS96QCiX2kPoNs=,QMgmGAr8CPrUIFmkpdPjium5M0g=
23,2,FJn3FJ3oCY7jgoS96QCiX2kPoNs=,9SwJBeORDYE0E5AsGSCRjHVCiuw=
22,2,FJn3FJ3oCY7jgoS96QCiX2kPoNs=,9SwJBeORDYE0E5AsGSCRjHVCiuw=
20,2,FJn3FJ3oCY7jgoS96QCiX2kPoNs=,9Hgw9BQrwSlxM3mTFiyXNrWyIE4=
19,0,FJn3FJ3oCY7jgoS96QCiX2kPoNs=,yAKZtWZzEZMFydne/rZYi9x3cUc=
19,1,FJn3FJ3oCY7jgoS96QCiX2kPoNs=,yAKZtWZzEZMFydne/rZYi9x3cUc=
19,2,FJn3FJ3oCY7jgoS96QCiX2kPoNs=,R6+/4IfQg1rlBN+Hb6jPxTA03Cc=
21,2,FJn3FJ3oCY7jgoS96QCiX2kPoNs=,9Hgw9BQrwSlxM3mTFiyXNrWyIE4=
21,0,FJn3FJ3oCY7jgoS96QCiX2kPoNs=,MWIzEXk6vDPNCwafbOpx6x2sfEA=
20,0,FJn3FJ3oCY7jgoS96QCiX2kPoNs=,MWIzEXk6vDPNCwafbOpx6x2sfEA=
22,1,FJn3FJ3oCY7jgoS96QCiX2kPoNs=,QMgmGAr8CPrUIFmkpdPjium5M0g=
22,0,FJn3FJ3oCY7jgoS96QCiX2kPoNs=,QMgmGAr8CPrUIFmkpdPjium5M0g=
21,1,FJn3FJ3oCY7jgoS96QCiX2kPoNs=,MWIzEXk6vDPNCwafbOpx6x2sfEA=
20,1,FJn3FJ3oCY7jgoS96QCiX2kPoNs=,MWIzEXk6vDPNCwafbOpx6x2sfEA=
16,3,FJn3FJ3oCY7jgoS96QCiX2kPoNs=,dSbhzR3jucgB1VeSp0/S2t7U3Hc=
16,4,FJn3FJ3oCY7jgoS96QCiX2kPoNs=,MOMxlSr4BMa1KJbyInFhRQZjsdw=
25,2,FJn3FJ3oCY7jgoS96QCiX2kPoNs=,Lz8sTGiJA0lhaLdfrf5VNr5P1ZA=
25,1,FJn3FJ3oCY7jgoS96QCiX2kPoNs=,PISsz+0+NOSDgPos8KV4HEh7eWw=
22,9,FJn3FJ3oCY7jgoS96QCiX2kPoNs=,ynobQdnz1gA99iyYpPwzCbZhVAg=
21,9,FJn3FJ3oCY7jgoS96QCiX2kPoNs=,RmPUggX/wP5HY32o+oLef4FqvCI=
17,9,FJn3FJ3oCY7jgoS96QCiX2kPoNs=,LK9x+UjndnrwOxfoskL7ojY1qbI=
20,9,FJn3FJ3oCY7jgoS96QCiX2kPoNs=,RmPUggX/wP5HY32o+oLef4FqvCI=
18,9,FJn3FJ3oCY7jgoS96QCiX2kPoNs=,PhZxbBn7F1H9czUUNxzVe9pWG8c=
19,9,FJn3FJ3oCY7jgoS96QCiX2kPoNs=,PhZxbBn7F1H9czUUNxzVe9pWG8c=
18,2,FJn3FJ3oCY7jgoS96QCiX2kPoNs=,R6+/4IfQg1rlBN+Hb6jPxTA03Cc=
18,0,FJn3FJ3oCY7jgoS96QCiX2kPoNs=,yAKZtWZzEZMFydne/rZYi9x3cUc=
18,1,FJn3FJ3oCY7jgoS96QCiX2kPoNs=,yAKZtWZzEZMFydne/rZYi9x3cUc=
17,0,FJn3FJ3oCY7jgoS96QCiX2kPoNs=,ap97AYOxCuO3MGsUu1jSUNbFHd8=
17,1,FJn3FJ3oCY7jgoS96QCiX2kPoNs=,ap97AYOxCuO3MGsUu1jSUNbFHd8=
16,1,FJn3FJ3oCY7jgoS96QCiX2kPoNs=,ap97AYOxCuO3MGsUu1jSUNbFHd8=
17,2,FJn3FJ3oCY7jgoS96QCiX2kPoNs=,dSbhzR3jucgB1VeSp0/S2t7U3Hc=
16,0,FJn3FJ3oCY7jgoS96QCiX2kPoNs=,ap97AYOxCuO3MGsUu1jSUNbFHd8=
31,1,FJn3FJ3oCY7jgoS96QCiX2kPoNs=,jHUBZ66XC/zK9nGE3SEmbFdYnXQ=
16,9,FJn3FJ3oCY7jgoS96QCiX2kPoNs=,LK9x+UjndnrwOxfoskL7ojY1qbI=
25,4,FJn3FJ3oCY7jgoS96QCiX2kPoNs=,13n8iQSYzNDGIlqa2Cr+yx/zNs0=
25,3,FJn3FJ3oCY7jgoS96QCiX2kPoNs=,Lz8sTGiJA0lhaLdfrf5VNr5P1ZA=
25,5,FJn3FJ3oCY7jgoS96QCiX2kPoNs=,13n8iQSYzNDGIlqa2Cr+yx/zNs0=
25,6,FJn3FJ3oCY7jgoS96QCiX2kPoNs=,NPM6O61I7vo4zk8O4sZpt7DDEoU=
16,5,FJn3FJ3oCY7jgoS96QCiX2kPoNs=,MOMxlSr4BMa1KJbyInFhRQZjsdw=
16,2,FJn3FJ3oCY7jgoS96QCiX2kPoNs=,dSbhzR3jucgB1VeSp0/S2t7U3Hc=
16,8,FJn3FJ3oCY7jgoS96QCiX2kPoNs=,LK9x+UjndnrwOxfoskL7ojY1qbI=
16,7,FJn3FJ3oCY7jgoS96QCiX2kPoNs=,MLVBGqxBimi5vLSFgBNw7DmMVqM=
16,6,FJn3FJ3oCY7jgoS96QCiX2kPoNs=,MLVBGqxBimi5vLSFgBNw7DmMVqM=
30,1,FJn3FJ3oCY7jgoS96QCiX2kPoNs=,jHUBZ66XC/zK9nGE3SEmbFdYnXQ=
16,14,FJn3FJ3oCY7jgoS96QCiX2kPoNs=,s/sEtybbYBed7Dw89z/7rnO+nI4=
25,8,FJn3FJ3oCY7jgoS96QCiX2kPoNs=,WIOtl/CuWDXKY/mowUVCDdhq1hM=
25,7,FJn3FJ3oCY7jgoS96QCiX2kPoNs=,NPM6O61I7vo4zk8O4sZpt7DDEoU=
24,9,FJn3FJ3oCY7jgoS96QCiX2kPoNs=,WIOtl/CuWDXKY/mowUVCDdhq1hM=
23,9,FJn3FJ3oCY7jgoS96QCiX2kPoNs=,ynobQdnz1gA99iyYpPwzCbZhVAg=
17,15,FJn3FJ3oCY7jgoS96QCiX2kPoNs=,s/sEtybbYBed7Dw89z/7rnO+nI4=
25,9,FJn3FJ3oCY7jgoS96QCiX2kPoNs=,WIOtl/CuWDXKY/mowUVCDdhq1hM=
17,14,FJn3FJ3oCY7jgoS96QCiX2kPoNs=,s/sEtybbYBed7Dw89z/7rnO+nI4=
16,15,FJn3FJ3oCY7jgoS96QCiX2kPoNs=,s/sEtybbYBed7Dw89z/7rnO+nI4=
30,0,FJn3FJ3oCY7jgoS96QCiX2kPoNs=,jHUBZ66XC/zK9nGE3SEmbFdYnXQ=
25,0,FJn3FJ3oCY7jgoS96QCiX2kPoNs=,PISsz+0+NOSDgPos8KV4HEh7eWw=
31,0,FJn3FJ3oCY7jgoS96QCiX2kPoNs=,jHUBZ66XC/zK9nGE3SEmbFdYnXQ=
23,0,FJn3FJ3oCY7jgoS96QCiX2kPoNs=,QMgmGAr8CPrUIFmkpdPjium5M0g=
24,0,FJn3FJ3oCY7jgoS96QCiX2kPoNs=,PISsz+0+NOSDgPos8KV4HEh7eWw=
