11,-34,V4KgVNJPVhGTEN4gAEdfJEz4UuM=,kRU/MiPIf7S5kZAO4x6m1Knv83w=
6,-33,V4KgVNJPVhGTEN4gAEdfJEz4UuM=,zNOZvGYsGCq7+OSqworsE7nQJKs=
6,-34,V4KgVNJPVhGTEN4gAEdfJEz4UuM=,zNOZvGYsGCq7+OSqworsE7nQJKs=
10,-34,V4KgVNJPVhGTEN4gAEdfJEz4UuM=,kRU/MiPIf7S5kZAO4x6m1Knv83w=
9,-34,V4KgVNJPVhGTEN4gAEdfJEz4UuM=,wW3ylv1evjfp6eeiVQslMmcczCo=
7,-34,V4KgVNJPVhGTEN4gAEdfJEz4UuM=,zNOZvGYsGCq7+OSqworsE7nQJKs=
8,-34,V4KgVNJPVhGTEN4gAEdfJEz4UuM=,wW3ylv1evjfp6eeiVQslMmcczCo=
11,-33,V4KgVNJPVhGTEN4gAEdfJEz4UuM=,kRU/MiPIf7S5kZAO4x6m1Knv83w=
10,-33,V4KgVNJPVhGTEN4gAEdfJEz4UuM=,kRU/MiPIf7S5kZAO4x6m1Knv83w=
7,-33,V4KgVNJPVhGTEN4gAEdfJEz4UuM=,zNOZvGYsGCq7+OSqworsE7nQJKs=
9,-33,V4KgVNJPVhGTEN4gAEdfJEz4UuM=,wW3ylv1evjfp6eeiVQslMmcczCo=
8,-33,V4KgVNJPVhGTEN4gAEdfJEz4UuM=,wW3ylv1evjfp6eeiVQslMmcczCo=
