-3,1,y3h9D7h4JRH9K5p7b7JXLHEOAKU=,tdiKZ6Y7aH/t1sB/yKr6sznjXSc=
-3,2,y3h9D7h4JRH9K5p7b7JXLHEOAKU=,tdiKZ6Y7aH/t1sB/yKr6sznjXSc=
-2,2,y3h9D7h4JRH9K5p7b7JXLHEOAKU=,+xedBfU62i3u27RK49tOqF7HRNY=
-2,1,y3h9D7h4JRH9K5p7b7JXLHEOAKU=,+xedBfU62i3u27RK49tOqF7HRNY=
-2,4,y3h9D7h4JRH9K5p7b7JXLHEOAKU=,8g/1ynu1Dwe3r6suKzYdupXfk18=
-2,3,y3h9D7h4JRH9K5p7b7JXLHEOAKU=,+xedBfU62i3u27RK49tOqF7HRNY=
-2,0,y3h9D7h4JRH9K5p7b7JXLHEOAKU=,8g/1ynu1Dwe3r6suKzYdupXfk18=
-1,4,y3h9D7h4JRH9K5p7b7JXLHEOAKU=,+xedBfU62i3u27RK49tOqF7HRNY=
-1,3,y3h9D7h4JRH9K5p7b7JXLHEOAKU=,02Rk8hAQrLQklAZVA8sp9fzpIlY=
-1,2,y3h9D7h4JRH9K5p7b7JXLHEOAKU=,KUkMnygyhXfGEQnTWlOj7u8NZnI=
-1,1,y3h9D7h4JRH9K5p7b7JXLHEOAKU=,02Rk8hAQrLQklAZVA8sp9fzpIlY=
-1,0,y3h9D7h4JRH9K5p7b7JXLHEOAKU=,02Rk8hAQrLQklAZVA8sp9fzpIlY=
