-1,-1,yo9UG0z/ViQmXC/W+NlgDyW2XAc=,dicKUFM9SinsxgZf29Yx3Xww6Vk=
-1,-2,yo9UG0z/ViQmXC/W+NlgDyW2XAc=,bGwW+9DFMBxfosDY7RY3hr1G1jU=
-1,-3,yo9UG0z/ViQmXC/W+NlgDyW2XAc=,cA9Gis9sjxuEeVY4kNgrumbdwAo=
-1,-4,yo9UG0z/ViQmXC/W+NlgDyW2XAc=,mgLAGpK2jwQLmNrG6Od6xP/On3U=
-1,-5,yo9UG0z/ViQmXC/W+NlgDyW2XAc=,mgLAGpK2jwQLmNrG6Od6xP/On3U=
-1,-6,yo9UG0z/ViQmXC/W+NlgDyW2XAc=,C0kIQXDMLaXBMfdsu7OwkJcTCmE=
-1,-7,yo9UG0z/ViQmXC/W+NlgDyW2XAc=,Ye5rGzF2o7tvHarNrR0zshM7uI8=
-1,-8,yo9UG0z/ViQmXC/W+NlgDyW2XAc=,ofOLSTXSaz0bptShbXKZxfNwsGI=
-1,-9,yo9UG0z/ViQmXC/W+NlgDyW2XAc=,BV79MNEw3AItol2u5U75p7r0iEI=
-1,-10,yo9UG0z/ViQmXC/W+NlgDyW2XAc=,9r7jxxy66Gl6Tepsrowk9eZ64Ss=
-1,-11,yo9UG0z/ViQmXC/W+NlgDyW2XAc=,chsPEtBQdT7QvUn3+1RkVnGm5AE=
-1,-12,yo9UG0z/ViQmXC/W+NlgDyW2XAc=,3OCUHeV/fBvlh6ckIBmzvDBoN58=
-1,-13,yo9UG0z/ViQmXC/W+NlgDyW2XAc=,Ydnp+NFWb6OEXLpIn+FHiAKeQtA=
-1,-14,yo9UG0z/ViQmXC/W+NlgDyW2XAc=,Jss8WIgRV5JvInC5whE/2549ul4=
-1,-15,yo9UG0z/ViQmXC/W+NlgDyW2XAc=,O6R8tI+TsdChxup92+sXzAg9C64=
-1,-16,yo9UG0z/ViQmXC/W+NlgDyW2XAc=,fjynLSNyVOf3UzcyTa4yEztg4zw=
-1,-17,yo9UG0z/ViQmXC/W+NlgDyW2XAc=,MKh74zPHCRrPwv7lLI7Dmg7ixLg=
-1,-21,yo9UG0z/ViQmXC/W+NlgDyW2XAc=,MKh74zPHCRrPwv7lLI7Dmg7ixLg=
-1,-22,yo9UG0z/ViQmXC/W+NlgDyW2XAc=,MKh74zPHCRrPwv7lLI7Dmg7ixLg=
-1,-23,yo9UG0z/ViQmXC/W+NlgDyW2XAc=,MKh74zPHCRrPwv7lLI7Dmg7ixLg=
-1,-24,yo9UG0z/ViQmXC/W+NlgDyW2XAc=,MKh74zPHCRrPwv7lLI7Dmg7ixLg=
-1,-25,yo9UG0z/ViQmXC/W+NlgDyW2XAc=,c6KKq1MZlKPxEiEMxFS+ZxRMCds=
-2,-2,yo9UG0z/ViQmXC/W+NlgDyW2XAc=,iiDHsi4mrsrUCsyI1OfGJ8uRg14=
-2,-1,yo9UG0z/ViQmXC/W+NlgDyW2XAc=,31MX8CjFhe+HMoo9sehfostPAkw=
-2,-4,yo9UG0z/ViQmXC/W+NlgDyW2XAc=,/hWX0fvTSx/aRgjRtpabOxV9TAI=
-2,-3,j0+qEvKHQR+Erni8r9WuuF4c8eM=,NPvPaVF+xKP4Y704+/3onBb4h9k=
-2,-6,j0+qEvKHQR+Erni8r9WuuF4c8eM=,zbgHawL72tHpyQuxrytBMpQLAMU=
-2,-5,j0+qEvKHQR+Erni8r9WuuF4c8eM=,qRQDhrwvI2z9LlQF/o/m1qDar2M=
-2,-8,j0+qEvKHQR+Erni8r9WuuF4c8eM=,f9VHIqcFKa+0Y9p0N2XbrXsGW64=
-2,-7,j0+qEvKHQR+Erni8r9WuuF4c8eM=,uX34H+2ZZdWSLO1UTw7DuZY4xVs=
-2,-10,j0+qEvKHQR+Erni8r9WuuF4c8eM=,0pVJire3pgcMMW4jryDbHJUUaPk=
-2,-9,j0+qEvKHQR+Erni8r9WuuF4c8eM=,WyHO2WlQezcIRFTSH64GVNJbLzc=
-2,-12,j0+qEvKHQR+Erni8r9WuuF4c8eM=,sIE8UOgCdVdsXo47JRCVF011D+k=
-2,-11,j0+qEvKHQR+Erni8r9WuuF4c8eM=,mmyrqCOJUDFd2/Gh3cGKEfO426M=
-2,-14,j0+qEvKHQR+Erni8r9WuuF4c8eM=,FbD2CROo3d+NpT0fGy0KH5KzuCg=
-2,-13,j0+qEvKHQR+Erni8r9WuuF4c8eM=,69O0UYAYwtXLEbSIkeK/Um13S8U=
-2,-16,j0+qEvKHQR+Erni8r9WuuF4c8eM=,yQBwmQuSKWUeZ5Vo4sZgKHULOd8=
-2,-15,j0+qEvKHQR+Erni8r9WuuF4c8eM=,4GfvFlWXYcSaI36KN03Jn8J3GC0=
-2,-18,j0+qEvKHQR+Erni8r9WuuF4c8eM=,khuKEsYVazuaJzWIj/zrx331hbo=
-2,-17,j0+qEvKHQR+Erni8r9WuuF4c8eM=,raYVmFKoc0/i62eTWGXK/SGIld0=
-2,-20,j0+qEvKHQR+Erni8r9WuuF4c8eM=,MKh74zPHCRrPwv7lLI7Dmg7ixLg=
-2,-19,j0+qEvKHQR+Erni8r9WuuF4c8eM=,MKh74zPHCRrPwv7lLI7Dmg7ixLg=
-2,-22,j0+qEvKHQR+Erni8r9WuuF4c8eM=,IzhbOwOkJN6NqLIHxnfkV4r3a0Y=
-2,-21,j0+qEvKHQR+Erni8r9WuuF4c8eM=,MKh74zPHCRrPwv7lLI7Dmg7ixLg=
-2,-24,j0+qEvKHQR+Erni8r9WuuF4c8eM=,lHZan66cYbFxoXUDYslEgIF6IlU=
-2,-23,j0+qEvKHQR+Erni8r9WuuF4c8eM=,GFg74c1Xewl3XpqmyMCUN1Ghkus=
-2,-26,j0+qEvKHQR+Erni8r9WuuF4c8eM=,c6KKq1MZlKPxEiEMxFS+ZxRMCds=
-2,-25,j0+qEvKHQR+Erni8r9WuuF4c8eM=,c6KKq1MZlKPxEiEMxFS+ZxRMCds=
-3,-3,j0+qEvKHQR+Erni8r9WuuF4c8eM=,cY8gcnpLJ/uBJjvdsKE1upPrEkc=
-3,-4,j0+qEvKHQR+Erni8r9WuuF4c8eM=,8vDPpHl8OR0naAc4VvgOJJaYkC4=
-3,-1,j0+qEvKHQR+Erni8r9WuuF4c8eM=,HPxmHNz0ep17t2ho60127zHXKwo=
-3,-2,j0+qEvKHQR+Erni8r9WuuF4c8eM=,6RVe+GN/54eQllb3sYNZPcpIBGI=
-3,-7,j0+qEvKHQR+Erni8r9WuuF4c8eM=,FSBF8GcS5as2BpGlfMUtJksU7es=
-3,-8,j0+qEvKHQR+Erni8r9WuuF4c8eM=,TTCvbO92rzBdf2db4HCdX+YQnTU=
-3,-5,j0+qEvKHQR+Erni8r9WuuF4c8eM=,yqELgeBawM1WouGMhbDKZFMGE7w=
-3,-6,j0+qEvKHQR+Erni8r9WuuF4c8eM=,iXzLhglO2JAjdl3z004b1N9q3lo=
-3,-11,j0+qEvKHQR+Erni8r9WuuF4c8eM=,GSZFypE6OO/k6OJ8v/CbXbGa+dI=
-3,-12,j0+qEvKHQR+Erni8r9WuuF4c8eM=,R7lwTFQ7NEFeE9wLF6XQGP+ltWQ=
-3,-9,j0+qEvKHQR+Erni8r9WuuF4c8eM=,uDy9ETdBDylxwttSiksIj9RmubY=
-3,-10,j0+qEvKHQR+Erni8r9WuuF4c8eM=,7g+fZNmLgoTkSufY0HUzwAG4cjQ=
-3,-15,j0+qEvKHQR+Erni8r9WuuF4c8eM=,r9Jav7SMlAR6h3AwqzYGW7MUHM8=
-3,-16,j0+qEvKHQR+Erni8r9WuuF4c8eM=,zsMzgl5SQMiVwWIMQP0XM3zDbJk=
-3,-13,j0+qEvKHQR+Erni8r9WuuF4c8eM=,llpmvGxKvsE2QdfrH6NO55U5538=
-3,-14,j0+qEvKHQR+Erni8r9WuuF4c8eM=,UGi9WzTLho4e1KKgLVz2sKVfKaY=
-3,-19,j0+qEvKHQR+Erni8r9WuuF4c8eM=,4pQWXAIqbyOhO5JAsSHvExX3ydQ=
-3,-20,j0+qEvKHQR+Erni8r9WuuF4c8eM=,4pQWXAIqbyOhO5JAsSHvExX3ydQ=
-3,-17,j0+qEvKHQR+Erni8r9WuuF4c8eM=,V/XGrqbRl9/3aK133MrzycgF+EY=
-3,-18,j0+qEvKHQR+Erni8r9WuuF4c8eM=,NUEkalAa7YYfBfHOXJqo3ud4loI=
-3,-23,j0+qEvKHQR+Erni8r9WuuF4c8eM=,JGGVALtvzxmliVLdy6KCgPzRPtk=
-3,-24,j0+qEvKHQR+Erni8r9WuuF4c8eM=,dJxW13yu5NJOANvif9JjK2tWdHc=
-3,-21,j0+qEvKHQR+Erni8r9WuuF4c8eM=,4pQWXAIqbyOhO5JAsSHvExX3ydQ=
-3,-22,j0+qEvKHQR+Erni8r9WuuF4c8eM=,W3RigBUJS0TkPE5hisN6qmFytdk=
-3,-27,j0+qEvKHQR+Erni8r9WuuF4c8eM=,c6KKq1MZlKPxEiEMxFS+ZxRMCds=
-3,-25,j0+qEvKHQR+Erni8r9WuuF4c8eM=,c6KKq1MZlKPxEiEMxFS+ZxRMCds=
-3,-26,j0+qEvKHQR+Erni8r9WuuF4c8eM=,c6KKq1MZlKPxEiEMxFS+ZxRMCds=
-4,-4,j0+qEvKHQR+Erni8r9WuuF4c8eM=,8vDPpHl8OR0naAc4VvgOJJaYkC4=
-4,-3,j0+qEvKHQR+Erni8r9WuuF4c8eM=,+ILPrKWEl5AhyQqjI5H+LaLjqSQ=
-4,-2,j0+qEvKHQR+Erni8r9WuuF4c8eM=,AbDe0uYI7nxgwqZ/lxPen5GHzi4=
-4,-1,j0+qEvKHQR+Erni8r9WuuF4c8eM=,suMYAtJ09GCDwotFdwRqUKC+ia0=
-4,-8,j0+qEvKHQR+Erni8r9WuuF4c8eM=,QC2kLYjQhJMMbW0vZ4b35MEg6ak=
-4,-7,j0+qEvKHQR+Erni8r9WuuF4c8eM=,9y7MBjqrbZPXJVgTYVImGa7h9hc=
-4,-6,t6cgqO/6Ns+HNsOXKLNJ/Qfmp+c=,v2a8otgjWE5Nr9JY+qODoPvvbzc=
-4,-5,t6cgqO/6Ns+HNsOXKLNJ/Qfmp+c=,ePCHgKZLaEAeNxJlBH7iS+mZgZg=
-4,-12,t6cgqO/6Ns+HNsOXKLNJ/Qfmp+c=,qiE4oY+EkyHZHifvB358siEOTf0=
-4,-11,t6cgqO/6Ns+HNsOXKLNJ/Qfmp+c=,KtDujHu+btq/1J+TpmsZSAR5WTA=
-4,-10,t6cgqO/6Ns+HNsOXKLNJ/Qfmp+c=,7y/fZ+9KXlzgNuVQ1UgO2DfnGIE=
-4,-9,t6cgqO/6Ns+HNsOXKLNJ/Qfmp+c=,FBIIXKo+WwXlhTHZ0otHu7neoAw=
-4,-16,t6cgqO/6Ns+HNsOXKLNJ/Qfmp+c=,Dw1iBTIgObvZ4gS2RgZgmusqrzg=
-4,-15,t6cgqO/6Ns+HNsOXKLNJ/Qfmp+c=,kQs3Qe9Jfpuhy1oA+j8eHEEenFw=
-4,-14,t6cgqO/6Ns+HNsOXKLNJ/Qfmp+c=,llpmvGxKvsE2QdfrH6NO55U5538=
-4,-13,t6cgqO/6Ns+HNsOXKLNJ/Qfmp+c=,Z6g+1hu9iBu9OluTFgPnjfWMQts=
-4,-20,t6cgqO/6Ns+HNsOXKLNJ/Qfmp+c=,Q0uG9PFu8kHfhxKOfSCaZIZDmzA=
-4,-19,t6cgqO/6Ns+HNsOXKLNJ/Qfmp+c=,J6pZ65Apbih86ZxtO0QA2MnJb/E=
-4,-18,t6cgqO/6Ns+HNsOXKLNJ/Qfmp+c=,7bPWBUOxFs/sWp3g66WRAmmmczU=
-4,-17,t6cgqO/6Ns+HNsOXKLNJ/Qfmp+c=,thJtzdQavxTqLh9ja8GmOJAAFPU=
-4,-24,t6cgqO/6Ns+HNsOXKLNJ/Qfmp+c=,dJxW13yu5NJOANvif9JjK2tWdHc=
-4,-23,t6cgqO/6Ns+HNsOXKLNJ/Qfmp+c=,JGGVALtvzxmliVLdy6KCgPzRPtk=
-4,-22,t6cgqO/6Ns+HNsOXKLNJ/Qfmp+c=,U+qjuoLgOW/VaEcU/xuKt8PQstc=
-4,-21,t6cgqO/6Ns+HNsOXKLNJ/Qfmp+c=,W95pwPv5iRRe8Sze6NCi8SeR82s=
-4,-28,t6cgqO/6Ns+HNsOXKLNJ/Qfmp+c=,c6KKq1MZlKPxEiEMxFS+ZxRMCds=
-4,-27,t6cgqO/6Ns+HNsOXKLNJ/Qfmp+c=,c6KKq1MZlKPxEiEMxFS+ZxRMCds=
-4,-26,t6cgqO/6Ns+HNsOXKLNJ/Qfmp+c=,c6KKq1MZlKPxEiEMxFS+ZxRMCds=
-4,-25,t6cgqO/6Ns+HNsOXKLNJ/Qfmp+c=,2BdEHlzEj2i7zYD52Fjc1eg2sA4=
-5,-5,t6cgqO/6Ns+HNsOXKLNJ/Qfmp+c=,nYNJUELvk7xKf7BPYffwFTymqJ0=
-5,-6,t6cgqO/6Ns+HNsOXKLNJ/Qfmp+c=,/qs46DhX4JL95T6bDObK3sYT9WU=
-5,-7,t6cgqO/6Ns+HNsOXKLNJ/Qfmp+c=,JkkulmBmmpUpSsKGhVNh4HRPhig=
-5,-8,t6cgqO/6Ns+HNsOXKLNJ/Qfmp+c=,ZCCnmyJYLwHtuY1WV0E9YjtN15A=
-5,-1,t6cgqO/6Ns+HNsOXKLNJ/Qfmp+c=,resbWGsr3NaiWzxLxz+Hf7WYHP8=
-5,-2,t6cgqO/6Ns+HNsOXKLNJ/Qfmp+c=,9UNAV8A8bsl3d6DZPQFXg82fUG8=
-5,-3,t6cgqO/6Ns+HNsOXKLNJ/Qfmp+c=,Puo9wvCZFP8q1iK2JGqexTrRYN0=
-5,-4,t6cgqO/6Ns+HNsOXKLNJ/Qfmp+c=,13bhEbr+uQlxX2MZHCnf2rNLPQQ=
-5,-13,t6cgqO/6Ns+HNsOXKLNJ/Qfmp+c=,gm8bqN2npYpiPZeQkK31PxUTAC4=
-5,-14,t6cgqO/6Ns+HNsOXKLNJ/Qfmp+c=,FoqC4PsHkFwyvMGjwDiYq1l3Pww=
-5,-15,t6cgqO/6Ns+HNsOXKLNJ/Qfmp+c=,pqjQf51JNoNKgaKOk62uxShIJjU=
-5,-16,t6cgqO/6Ns+HNsOXKLNJ/Qfmp+c=,in7XwXJe0ZokLyw27sdbpmnkA7c=
-5,-9,t6cgqO/6Ns+HNsOXKLNJ/Qfmp+c=,4x1c1JWVIrM3fe7ICOXngD7BLT8=
-5,-10,t6cgqO/6Ns+HNsOXKLNJ/Qfmp+c=,pDEYRBB1l4LCOpHfOkpGeYq7Liw=
-5,-11,t6cgqO/6Ns+HNsOXKLNJ/Qfmp+c=,kSbKMmObpPmVgxzZzVs8cRP1fOs=
-5,-12,t6cgqO/6Ns+HNsOXKLNJ/Qfmp+c=,jZriu9lKZTdCDmwo5PmIZgq07v0=
-5,-21,t6cgqO/6Ns+HNsOXKLNJ/Qfmp+c=,y1QY0ngLdP+RqftnRc/nmzGUObk=
-5,-22,t6cgqO/6Ns+HNsOXKLNJ/Qfmp+c=,JGGVALtvzxmliVLdy6KCgPzRPtk=
-5,-23,t6cgqO/6Ns+HNsOXKLNJ/Qfmp+c=,762yvAgvLmMBiV7Jwb6VxiHJLJ8=
-5,-24,t6cgqO/6Ns+HNsOXKLNJ/Qfmp+c=,r5w7ao+kSubDhBcGfpTh5JlZ4d8=
-5,-17,t6cgqO/6Ns+HNsOXKLNJ/Qfmp+c=,rx0R4qAfLwJBdDg1LQxJ/7n0+TM=
-5,-18,t6cgqO/6Ns+HNsOXKLNJ/Qfmp+c=,xXsHGgaSjUyqed+EkhJYcNastsM=
-5,-19,t6cgqO/6Ns+HNsOXKLNJ/Qfmp+c=,G4ON/W/7xS3fW5bMjuIBJw5pbX0=
-5,-20,t6cgqO/6Ns+HNsOXKLNJ/Qfmp+c=,2/YEFY8bXxncL02TWWUMzoEaykU=
-5,-29,t6cgqO/6Ns+HNsOXKLNJ/Qfmp+c=,9gLb8fHdRKvLu8rIXE8EixzKDhE=
-5,-25,t6cgqO/6Ns+HNsOXKLNJ/Qfmp+c=,Lg4om4nePCzzGCd7rpXl/epqIkg=
-5,-26,t6cgqO/6Ns+HNsOXKLNJ/Qfmp+c=,c6KKq1MZlKPxEiEMxFS+ZxRMCds=
-5,-27,t6cgqO/6Ns+HNsOXKLNJ/Qfmp+c=,c6KKq1MZlKPxEiEMxFS+ZxRMCds=
-5,-28,t6cgqO/6Ns+HNsOXKLNJ/Qfmp+c=,B3Gf16XZstBAw+vdmWWK61O12SM=
-6,-6,t6cgqO/6Ns+HNsOXKLNJ/Qfmp+c=,gD+njWpv7iyfOIswcxYb5EK3F9c=
-6,-5,t6cgqO/6Ns+HNsOXKLNJ/Qfmp+c=,AFWmi+GfyCysHAHmQ13Rrloy/oc=
-6,-8,t6cgqO/6Ns+HNsOXKLNJ/Qfmp+c=,jylE1CF8mq9Fi5etUiks0nwvORQ=
-6,-7,t6cgqO/6Ns+HNsOXKLNJ/Qfmp+c=,n+HJPEvIyLcBW+r/fCE2CQBmtcM=
-6,-2,t6cgqO/6Ns+HNsOXKLNJ/Qfmp+c=,sqEWCjFav7C9psxJPO8dmtZhBzs=
-6,-1,t6cgqO/6Ns+HNsOXKLNJ/Qfmp+c=,y2+BAla0Q70yAO9hBodjYnsurZ8=
-6,-4,t6cgqO/6Ns+HNsOXKLNJ/Qfmp+c=,78l/M6R84rUr0iO8zjcD6wxPpdw=
-6,-3,uoXy1M0tcs55IaU2jogF7GEgyCw=,9lgU7dwhYIwA4dZrUY9IYFTrZ7g=
-6,-14,uoXy1M0tcs55IaU2jogF7GEgyCw=,z6I4lg2qkkMi6EwsTC8KKMY7eRE=
-6,-13,uoXy1M0tcs55IaU2jogF7GEgyCw=,5/xl83m79pwh4cN2H8ZUedqpAZQ=
-6,-16,uoXy1M0tcs55IaU2jogF7GEgyCw=,IoJMwOc3BRO3ztO2s7Q12IsBZWc=
-6,-15,uoXy1M0tcs55IaU2jogF7GEgyCw=,jDeD143FZOFTvGhngu4blXpQRqU=
-6,-10,uoXy1M0tcs55IaU2jogF7GEgyCw=,ZO46dtDJiYQLigTmJiS8Kb6TwO0=
-6,-9,uoXy1M0tcs55IaU2jogF7GEgyCw=,4x1c1JWVIrM3fe7ICOXngD7BLT8=
-6,-12,uoXy1M0tcs55IaU2jogF7GEgyCw=,rOzFVzWtjQziwPc4uPmEdlgS/00=
-6,-11,uoXy1M0tcs55IaU2jogF7GEgyCw=,Ydnp+NFWb6OEXLpIn+FHiAKeQtA=
-6,-22,uoXy1M0tcs55IaU2jogF7GEgyCw=,1eLxtPg9yvk7SpZ05S96FUET9DY=
-6,-21,uoXy1M0tcs55IaU2jogF7GEgyCw=,oc7zCpAh08vjlrCPITkK3PxazZ4=
-6,-24,uoXy1M0tcs55IaU2jogF7GEgyCw=,+/5OdgO8+o4WYCw2v782jxIZPcs=
-6,-23,uoXy1M0tcs55IaU2jogF7GEgyCw=,T6pSXfmUpvvbcmd1ZNzZp/yqQYM=
-6,-18,uoXy1M0tcs55IaU2jogF7GEgyCw=,pIVqV3GpR/o1zV1BvnFLTyv8jtg=
-6,-17,uoXy1M0tcs55IaU2jogF7GEgyCw=,WrbPJHLRktEqwfMw8ZhryMrrHbE=
-6,-20,uoXy1M0tcs55IaU2jogF7GEgyCw=,oc7zCpAh08vjlrCPITkK3PxazZ4=
-6,-19,uoXy1M0tcs55IaU2jogF7GEgyCw=,TFtrdHjncfeVpMtr4WO7zE+Bzn0=
-6,-30,uoXy1M0tcs55IaU2jogF7GEgyCw=,c6KKq1MZlKPxEiEMxFS+ZxRMCds=
-6,-29,uoXy1M0tcs55IaU2jogF7GEgyCw=,7GJDIS6Bzkqw8pCLDxJX6owDdsk=
-6,-26,uoXy1M0tcs55IaU2jogF7GEgyCw=,c6KKq1MZlKPxEiEMxFS+ZxRMCds=
-6,-25,uoXy1M0tcs55IaU2jogF7GEgyCw=,Lg4om4nePCzzGCd7rpXl/epqIkg=
-6,-28,uoXy1M0tcs55IaU2jogF7GEgyCw=,CYuI/CY/woauYDvL8TNb/BfjMxI=
-6,-27,uoXy1M0tcs55IaU2jogF7GEgyCw=,c6KKq1MZlKPxEiEMxFS+ZxRMCds=
-7,-7,uoXy1M0tcs55IaU2jogF7GEgyCw=,5X20fqUmu+6RGjv81F3d5D0wNEo=
-7,-8,uoXy1M0tcs55IaU2jogF7GEgyCw=,jylE1CF8mq9Fi5etUiks0nwvORQ=
-7,-5,uoXy1M0tcs55IaU2jogF7GEgyCw=,yU2127RWYFHdrbpMgze1EoapfEw=
-7,-6,uoXy1M0tcs55IaU2jogF7GEgyCw=,vhwLvOQZiDEPsLWgGkYzpgJi3AA=
-7,-3,uoXy1M0tcs55IaU2jogF7GEgyCw=,9lgU7dwhYIwA4dZrUY9IYFTrZ7g=
-7,-4,uoXy1M0tcs55IaU2jogF7GEgyCw=,78l/M6R84rUr0iO8zjcD6wxPpdw=
-7,-1,uoXy1M0tcs55IaU2jogF7GEgyCw=,VG7TBEKn6jfoHFVRNzF8Da0y6+A=
-7,-2,uoXy1M0tcs55IaU2jogF7GEgyCw=,AB2TlNlx+QXRIJx+EOPbxEgmN0I=
-7,-15,uoXy1M0tcs55IaU2jogF7GEgyCw=,dWJMAgOqrLmAeswtUX03xqU9RYs=
-7,-16,uoXy1M0tcs55IaU2jogF7GEgyCw=,PEni0fNpiXTQG/l/g4g4XzG7ndM=
-7,-13,uoXy1M0tcs55IaU2jogF7GEgyCw=,wAq69DnzsbyIi6dHmpL7roymy2g=
-7,-14,uoXy1M0tcs55IaU2jogF7GEgyCw=,FeFnVmKyc2QVNi47rQYqWVwduQA=
-7,-11,uoXy1M0tcs55IaU2jogF7GEgyCw=,O6R8tI+TsdChxup92+sXzAg9C64=
-7,-12,uoXy1M0tcs55IaU2jogF7GEgyCw=,qz6xNONlt5R1wuR13OYhKXNdE84=
-7,-9,uoXy1M0tcs55IaU2jogF7GEgyCw=,kDEvHtsxLsGifN7o1C+i2b7TkR4=
-7,-10,uoXy1M0tcs55IaU2jogF7GEgyCw=,vG7/7q3WVoMQaO8gneCOff5WmzE=
-7,-23,uoXy1M0tcs55IaU2jogF7GEgyCw=,FdSUga0lWmcE5ZLxPj0Hh6Q9AV8=
-7,-24,uoXy1M0tcs55IaU2jogF7GEgyCw=,+/5OdgO8+o4WYCw2v782jxIZPcs=
-7,-21,uoXy1M0tcs55IaU2jogF7GEgyCw=,/5v/YSydI1zdt5kT/BiWyJCP5pI=
-7,-22,uoXy1M0tcs55IaU2jogF7GEgyCw=,GJgFO3Xonzi6uhaA/Pk2vibJrFg=
-7,-19,uoXy1M0tcs55IaU2jogF7GEgyCw=,g/dI47EiUf04vbYBwixQdoUMHX0=
-7,-20,uoXy1M0tcs55IaU2jogF7GEgyCw=,dVqRa9xa5rlaCmjMx2qgkR+t6dg=
-7,-17,uoXy1M0tcs55IaU2jogF7GEgyCw=,MKh74zPHCRrPwv7lLI7Dmg7ixLg=
-7,-18,uoXy1M0tcs55IaU2jogF7GEgyCw=,36LPOS+EvxZ3QjkqcXaB8SiAYKg=
-7,-31,uoXy1M0tcs55IaU2jogF7GEgyCw=,c6KKq1MZlKPxEiEMxFS+ZxRMCds=
-7,-29,uoXy1M0tcs55IaU2jogF7GEgyCw=,SO1rTnCw7RM+CG192xP9Zyddc0s=
-7,-30,uoXy1M0tcs55IaU2jogF7GEgyCw=,c6KKq1MZlKPxEiEMxFS+ZxRMCds=
-7,-27,uoXy1M0tcs55IaU2jogF7GEgyCw=,c6KKq1MZlKPxEiEMxFS+ZxRMCds=
-7,-28,uoXy1M0tcs55IaU2jogF7GEgyCw=,iPGygVuc5e00M6XDFu0mBrTZmis=
-7,-25,uoXy1M0tcs55IaU2jogF7GEgyCw=,Lg4om4nePCzzGCd7rpXl/epqIkg=
-7,-26,uoXy1M0tcs55IaU2jogF7GEgyCw=,c6KKq1MZlKPxEiEMxFS+ZxRMCds=
-8,-8,uoXy1M0tcs55IaU2jogF7GEgyCw=,DD1mX+n1VIlG0u//iSxXJkGaSbE=
-8,-7,uoXy1M0tcs55IaU2jogF7GEgyCw=,14t8JSHkijudz6ObCoqtk9e0TYE=
-8,-6,uoXy1M0tcs55IaU2jogF7GEgyCw=,pJaw/hkTwkrb3bFuU/4DcXHO7Os=
-8,-5,uoXy1M0tcs55IaU2jogF7GEgyCw=,pV4ZHS+sIRFyiBLi3bkaS2SYNtc=
-8,-4,QcPVSMHzsEEHuOAQHMhZpy8oSms=,DeSt4OvBJDuyRTrJ703KuBtJTvQ=
-8,-3,QcPVSMHzsEEHuOAQHMhZpy8oSms=,WEgD+zxIe/fs3y+kcTUqV1Dut64=
-8,-2,QcPVSMHzsEEHuOAQHMhZpy8oSms=,2w1ERkbvAGotUQa6VmoGITjqb1s=
-8,-1,QcPVSMHzsEEHuOAQHMhZpy8oSms=,BSJjEWxiDrNAY/6W/U+oL9qpBTs=
-8,-16,QcPVSMHzsEEHuOAQHMhZpy8oSms=,5aEC/60om1GyYMe9fXwBqsDleow=
-8,-15,QcPVSMHzsEEHuOAQHMhZpy8oSms=,zGjeBP0zkNCifJwe5gwWuO7RSeI=
-8,-14,QcPVSMHzsEEHuOAQHMhZpy8oSms=,xuusPd6kYC234q9pM1VmSAyQeAA=
-8,-13,QcPVSMHzsEEHuOAQHMhZpy8oSms=,b9D21Ymtr7NU6fyRAZOJRppHRgs=
-8,-12,QcPVSMHzsEEHuOAQHMhZpy8oSms=,6OcFeR14Hbz4+QdZ5HfeTe73TRg=
-8,-11,QcPVSMHzsEEHuOAQHMhZpy8oSms=,Dng1W6h3AATjFlObfUwqTN0CcuQ=
-8,-10,QcPVSMHzsEEHuOAQHMhZpy8oSms=,UOsdLK1/O2aPaG9YydpARNrY0Sc=
-8,-9,QcPVSMHzsEEHuOAQHMhZpy8oSms=,7kDbq0LR5oH1UR0fD2CN1E+ifEQ=
-8,-24,QcPVSMHzsEEHuOAQHMhZpy8oSms=,y1QRzK1JH7yHNAB51G13b6KXFxU=
-8,-23,QcPVSMHzsEEHuOAQHMhZpy8oSms=,8OuHX1IszqRDvl5KvWq6NhHqVlA=
-8,-22,QcPVSMHzsEEHuOAQHMhZpy8oSms=,f6n55nVzuOhYMLFYhbTp9KNs/44=
-8,-21,QcPVSMHzsEEHuOAQHMhZpy8oSms=,EIZWlkAtRGAJGL22q0ZjpQC6CIc=
-8,-20,QcPVSMHzsEEHuOAQHMhZpy8oSms=,PZEnHHnC3R8kN1OoTpsdEmc9EWY=
-8,-19,QcPVSMHzsEEHuOAQHMhZpy8oSms=,Lf+Ottptu8BVVrJN3ssMFD2Z/H8=
-8,-18,QcPVSMHzsEEHuOAQHMhZpy8oSms=,L9MyXx6Uh1FaTV2rZ8r+E1m9ox8=
-8,-17,QcPVSMHzsEEHuOAQHMhZpy8oSms=,MKh74zPHCRrPwv7lLI7Dmg7ixLg=
-8,-32,QcPVSMHzsEEHuOAQHMhZpy8oSms=,c6KKq1MZlKPxEiEMxFS+ZxRMCds=
-8,-31,QcPVSMHzsEEHuOAQHMhZpy8oSms=,c6KKq1MZlKPxEiEMxFS+ZxRMCds=
-8,-30,QcPVSMHzsEEHuOAQHMhZpy8oSms=,c6KKq1MZlKPxEiEMxFS+ZxRMCds=
-8,-29,QcPVSMHzsEEHuOAQHMhZpy8oSms=,2BdEHlzEj2i7zYD52Fjc1eg2sA4=
-8,-28,QcPVSMHzsEEHuOAQHMhZpy8oSms=,xZOcZB9SmEtZe8zYlmNEmHgvMOE=
-8,-27,QcPVSMHzsEEHuOAQHMhZpy8oSms=,opAYDGgOHHgJ3UMBUHRyntoTsrg=
-8,-26,QcPVSMHzsEEHuOAQHMhZpy8oSms=,c6KKq1MZlKPxEiEMxFS+ZxRMCds=
-8,-25,QcPVSMHzsEEHuOAQHMhZpy8oSms=,2BdEHlzEj2i7zYD52Fjc1eg2sA4=
-9,-9,QcPVSMHzsEEHuOAQHMhZpy8oSms=,hcqt9gtxyhzvtw4MI7keHSz6rds=
-9,-10,QcPVSMHzsEEHuOAQHMhZpy8oSms=,VbZmk2pptF4hihawizu8UQYXJqI=
-9,-11,QcPVSMHzsEEHuOAQHMhZpy8oSms=,N26hP5PvX0V7btMPZCQYMTYel4w=
-9,-12,QcPVSMHzsEEHuOAQHMhZpy8oSms=,zQS9uvmyJdOm7U25frIGRY1s4NA=
-9,-13,QcPVSMHzsEEHuOAQHMhZpy8oSms=,D0bbeWXZ85hwmZBRdgpkRGdHT98=
-9,-14,QcPVSMHzsEEHuOAQHMhZpy8oSms=,gfVO7eRjuXwZQP7dMU8/ZvlXBoU=
-9,-15,QcPVSMHzsEEHuOAQHMhZpy8oSms=,G4jdghg254XofFT6Na5VO1L6XBI=
-9,-16,QcPVSMHzsEEHuOAQHMhZpy8oSms=,zcVNoW86O5RtmPJsYeXKsccP44k=
-9,-1,QcPVSMHzsEEHuOAQHMhZpy8oSms=,S/0J6oWB6CUKo9eMRJ/xuu9UfyE=
-9,-2,QcPVSMHzsEEHuOAQHMhZpy8oSms=,dZ22QiPT5ptnLCGnpzhFg1D1uy8=
-9,-3,QcPVSMHzsEEHuOAQHMhZpy8oSms=,9sIXAMydGV/h3/mi9rVo4A5gcOY=
-9,-4,QcPVSMHzsEEHuOAQHMhZpy8oSms=,RCpc9jaaUyERx1LyxpA0hWPdX7Q=
-9,-5,QcPVSMHzsEEHuOAQHMhZpy8oSms=,xP4KW7/TGhw8O8mfa+ZuBSGD0Yg=
-9,-6,QcPVSMHzsEEHuOAQHMhZpy8oSms=,kVLhVsybeXuCT6EZCR35IF2l6b4=
-9,-7,QcPVSMHzsEEHuOAQHMhZpy8oSms=,gtYr4Iw2G0KQtI3gTl/czOfi+qI=
-9,-8,QcPVSMHzsEEHuOAQHMhZpy8oSms=,/DDQ5hxuo6U8kwoMFsKXoI/J4X4=
-9,-25,QcPVSMHzsEEHuOAQHMhZpy8oSms=,JCeqzxlyTN34oqRxV5XbODbTaw4=
-9,-26,QcPVSMHzsEEHuOAQHMhZpy8oSms=,2moWzASHQEHEr4pxJlyjhWrFJgc=
-9,-27,QcPVSMHzsEEHuOAQHMhZpy8oSms=,y0Vly7LGcf+HSahJHsmlcjJNrCQ=
-9,-28,QcPVSMHzsEEHuOAQHMhZpy8oSms=,TU51/pcfUqjtuy0d0vM9lzFYCEo=
-9,-29,QcPVSMHzsEEHuOAQHMhZpy8oSms=,cAPElRQh9qyDLgzK3QY8Mvp6cac=
-9,-30,QcPVSMHzsEEHuOAQHMhZpy8oSms=,iN0CCq6iA6K0MjLwXliaYPxfTr0=
-9,-31,QcPVSMHzsEEHuOAQHMhZpy8oSms=,2Shf01Q+tXzudS0nK3XBMfkZVjo=
-9,-32,QcPVSMHzsEEHuOAQHMhZpy8oSms=,WjpwgCftgRRbi/WQj6t27CCV9oQ=
-9,-17,QcPVSMHzsEEHuOAQHMhZpy8oSms=,vJneWxMlyvgP20RzZnmBQcHwliA=
-9,-18,QcPVSMHzsEEHuOAQHMhZpy8oSms=,Ykh15YHzzPh68mMHUnF+dZonEdA=
-9,-19,QcPVSMHzsEEHuOAQHMhZpy8oSms=,N28wj4edLF6oym4NtYApoUgOYoU=
-9,-20,Sbpg8n29e0f8JEyrzIdDA0tLRic=,OJbRGaDIt11/Yaekil6VUOITX98=
-9,-21,Sbpg8n29e0f8JEyrzIdDA0tLRic=,raLRXEJlMbB5CS1VWUWYRc8bjJY=
-9,-22,Sbpg8n29e0f8JEyrzIdDA0tLRic=,RJbj1J/ba5pl5TihIYRTdf93Ggg=
-9,-23,Sbpg8n29e0f8JEyrzIdDA0tLRic=,WeZ6DLRwLr581SShpWT8hiduqIc=
-9,-24,Sbpg8n29e0f8JEyrzIdDA0tLRic=,2Ihqa7JUXUCSwz4MvBUDwV5Rx/s=
-10,-10,Sbpg8n29e0f8JEyrzIdDA0tLRic=,Ihi1fDm4JSJeO0Ta7c79uRfRRp8=
-10,-9,Sbpg8n29e0f8JEyrzIdDA0tLRic=,YCynqKG7jm0DiPqxnDbs/Tu8zSU=
-10,-12,Sbpg8n29e0f8JEyrzIdDA0tLRic=,ylJYhkBGe5w3mOAwv2o4SIQ4vy0=
-10,-11,Sbpg8n29e0f8JEyrzIdDA0tLRic=,A+bwAb6r+cfnxn+rK9kE1T5CnqY=
-10,-14,Sbpg8n29e0f8JEyrzIdDA0tLRic=,VsL1/LfFkggeYFjEVu4FaiGMdG8=
-10,-13,Sbpg8n29e0f8JEyrzIdDA0tLRic=,pyeTjC+vGmHOOi9X+Ir0ohsR3As=
-10,-16,Sbpg8n29e0f8JEyrzIdDA0tLRic=,ZTzPGIFaiJzILYNuO4SyRjGmtWY=
-10,-15,Sbpg8n29e0f8JEyrzIdDA0tLRic=,7K+goA5UnSfLkBL210LiNgTlOO0=
-10,-2,Sbpg8n29e0f8JEyrzIdDA0tLRic=,XfvVAbBXWi4oTqVN+LW/Afzz7Xc=
-10,-1,Sbpg8n29e0f8JEyrzIdDA0tLRic=,vpEGd435cNdc2Dp0KwWtEN/YHug=
-10,-4,Sbpg8n29e0f8JEyrzIdDA0tLRic=,muc5SilVV/1hFyr/gv4vz8wPhiE=
-10,-3,Sbpg8n29e0f8JEyrzIdDA0tLRic=,1VHPh8s5GQlOBIE4zkSXnpJ7b88=
-10,-6,Sbpg8n29e0f8JEyrzIdDA0tLRic=,+Alf5sMTE2ChGOB3e33yEdGpKXE=
-10,-5,Sbpg8n29e0f8JEyrzIdDA0tLRic=,KcQWwHiSYvNSN7v0J0/lj41Qyq4=
-10,-8,Sbpg8n29e0f8JEyrzIdDA0tLRic=,zPHb5TTh/cISIDeJ/MILCLkbAn8=
-10,-7,Sbpg8n29e0f8JEyrzIdDA0tLRic=,O0vvLOyH1NRhDNRYszm5A7vsLoQ=
-10,-26,Sbpg8n29e0f8JEyrzIdDA0tLRic=,83iwVlIIFdyU8xACNqWJ4zpwWSk=
-10,-25,Sbpg8n29e0f8JEyrzIdDA0tLRic=,x1IL2YYIhP3y++HDnT9ouVExkU0=
-10,-28,Sbpg8n29e0f8JEyrzIdDA0tLRic=,TU51/pcfUqjtuy0d0vM9lzFYCEo=
-10,-27,Sbpg8n29e0f8JEyrzIdDA0tLRic=,eVQevvOQqys+G0Yel/u0XW7h498=
-10,-30,Sbpg8n29e0f8JEyrzIdDA0tLRic=,brI6bCJ5/OHCrCxjGZGZYBePC6o=
-10,-29,Sbpg8n29e0f8JEyrzIdDA0tLRic=,TU51/pcfUqjtuy0d0vM9lzFYCEo=
-10,-32,Sbpg8n29e0f8JEyrzIdDA0tLRic=,2Shf01Q+tXzudS0nK3XBMfkZVjo=
-10,-31,Sbpg8n29e0f8JEyrzIdDA0tLRic=,IeEvvnpAAH9EjrQ7fadx4kVGGOI=
-10,-18,Sbpg8n29e0f8JEyrzIdDA0tLRic=,PVGGbB+nQ10qHACG48JzwmCy690=
-10,-17,Sbpg8n29e0f8JEyrzIdDA0tLRic=,qZbvJRipMbJWdDAhBH2OUXjk4hM=
-10,-20,Sbpg8n29e0f8JEyrzIdDA0tLRic=,EfI7fiQuoMGDu7clPmf8s+mY0oc=
-10,-19,Sbpg8n29e0f8JEyrzIdDA0tLRic=,eLtQzSUMVqZCnA8bLEEQwxex0XY=
-10,-22,Sbpg8n29e0f8JEyrzIdDA0tLRic=,5yU7LMRlLV/6SSBihsj8oSr3PPI=
-10,-21,Sbpg8n29e0f8JEyrzIdDA0tLRic=,VYXuTpngQuFHJQXni1LTyiwfDgQ=
-10,-24,Sbpg8n29e0f8JEyrzIdDA0tLRic=,F/6W25fvh5odjlGkI3wYS+lm29A=
-10,-23,Sbpg8n29e0f8JEyrzIdDA0tLRic=,8o9cl/VDFsTjStzUpCo00gQ9uTE=
-11,-11,Sbpg8n29e0f8JEyrzIdDA0tLRic=,UY5onqemceDkoihRlLtFlSEHsqk=
-11,-12,Sbpg8n29e0f8JEyrzIdDA0tLRic=,CmKUkLGlDBbeZ/VoRVol/eksrE4=
-11,-9,Sbpg8n29e0f8JEyrzIdDA0tLRic=,pT0+K/GBCuVme25llM4CUf6dZgE=
-11,-10,Sbpg8n29e0f8JEyrzIdDA0tLRic=,Ejfhv+Fwok5Uk2EaHEkW09UweiM=
-11,-15,Sbpg8n29e0f8JEyrzIdDA0tLRic=,ww2XyaPIH8L1vHdijRS8sXCHUcg=
-11,-16,Sbpg8n29e0f8JEyrzIdDA0tLRic=,Neo5dm+go6IACe3pQu0Fx31H4WE=
-11,-13,Sbpg8n29e0f8JEyrzIdDA0tLRic=,SWAI4cXImz+RF1sO7dJzt6U/14k=
-11,-14,Sbpg8n29e0f8JEyrzIdDA0tLRic=,SWAI4cXImz+RF1sO7dJzt6U/14k=
-11,-3,Sbpg8n29e0f8JEyrzIdDA0tLRic=,dc6GRnYf5NCQPSkFYXmrHYcCJJ8=
-11,-4,Sbpg8n29e0f8JEyrzIdDA0tLRic=,NBak4EctSqjAiHohwkk3bB1jTqw=
-11,-1,Sbpg8n29e0f8JEyrzIdDA0tLRic=,LcA1119cPbFbddEnBg6rZj5+cMc=
-11,-2,Sbpg8n29e0f8JEyrzIdDA0tLRic=,Jo0wZAgmt9bBTBjbK+VZrhjLfSU=
-11,-7,Sbpg8n29e0f8JEyrzIdDA0tLRic=,b+Zf1QdM4yxOCs/J/gV/sFEW5yw=
-11,-8,Sbpg8n29e0f8JEyrzIdDA0tLRic=,YadJPjsCnruW4SIJMH2ipxQTV/o=
-11,-5,Sbpg8n29e0f8JEyrzIdDA0tLRic=,KcQWwHiSYvNSN7v0J0/lj41Qyq4=
-11,-6,Sbpg8n29e0f8JEyrzIdDA0tLRic=,+Alf5sMTE2ChGOB3e33yEdGpKXE=
-11,-27,Sbpg8n29e0f8JEyrzIdDA0tLRic=,KNS2sO59XMH4HhuDWrRdODuMhEw=
-11,-28,Sbpg8n29e0f8JEyrzIdDA0tLRic=,B3Wd+EQwdsYcA7edkYwe3fYd840=
-11,-25,Sbpg8n29e0f8JEyrzIdDA0tLRic=,9VHX9N0CN5OsC+YExFVvJm08iZU=
-11,-26,Sbpg8n29e0f8JEyrzIdDA0tLRic=,SWL95LR6OgTSITbBZMeTrWHcadc=
-11,-31,Sbpg8n29e0f8JEyrzIdDA0tLRic=,IWWNdwz8jsn16lacKQyIrKOMnM0=
-11,-32,WAIdzFBXojP3OqL4x81yplDwsnU=,Vawmd7I3g1RwZy9BendmzAJHdOg=
-11,-29,WAIdzFBXojP3OqL4x81yplDwsnU=,3QKV2hzCtC6r/k1A6h6e1Cui5M8=
-11,-30,WAIdzFBXojP3OqL4x81yplDwsnU=,brI6bCJ5/OHCrCxjGZGZYBePC6o=
-11,-19,WAIdzFBXojP3OqL4x81yplDwsnU=,N9P7TJteLx7HHbiSgsiSUeRrVv8=
-11,-20,WAIdzFBXojP3OqL4x81yplDwsnU=,DxtludoQNXXiAzoarg88fKQ9+08=
-11,-17,WAIdzFBXojP3OqL4x81yplDwsnU=,tMBMJm4nTob37hgKlSZZnYnIkYg=
-11,-18,WAIdzFBXojP3OqL4x81yplDwsnU=,LJc+m8/rM6B86BzdAk8H3xlkdC4=
-11,-23,WAIdzFBXojP3OqL4x81yplDwsnU=,Gb2EHRmZHSQZbn+654pp4FFwfEI=
-11,-24,WAIdzFBXojP3OqL4x81yplDwsnU=,ShTWtiNGnd5DtYPUIm9S/XbSzOQ=
-11,-21,WAIdzFBXojP3OqL4x81yplDwsnU=,bnQHLXV1O/7osrffQvnWhdD/O7Y=
-11,-22,WAIdzFBXojP3OqL4x81yplDwsnU=,vP5OiHMISkb5n30zf6UaR8fotcU=
-12,-12,WAIdzFBXojP3OqL4x81yplDwsnU=,si1Rru5svQ/4sQhn1juejSen8X0=
-12,-11,WAIdzFBXojP3OqL4x81yplDwsnU=,nkdJHGG2ZxoZRS1h4tOXMqM1R9s=
-12,-10,WAIdzFBXojP3OqL4x81yplDwsnU=,MUJHrj0uoz+vGvhrTJmBYub5X1Y=
-12,-9,WAIdzFBXojP3OqL4x81yplDwsnU=,gKvqrmseyUqRA6isKBDQm/LfrzY=
-12,-16,WAIdzFBXojP3OqL4x81yplDwsnU=,YW3joYBYb8hhTZE/rQ94cJYDoXE=
-12,-15,WAIdzFBXojP3OqL4x81yplDwsnU=,N8lkNtpUHx5/4Z6mPQVZkYLYiOo=
-12,-14,WAIdzFBXojP3OqL4x81yplDwsnU=,si1Rru5svQ/4sQhn1juejSen8X0=
-12,-13,WAIdzFBXojP3OqL4x81yplDwsnU=,si1Rru5svQ/4sQhn1juejSen8X0=
-12,-4,WAIdzFBXojP3OqL4x81yplDwsnU=,fiu3KXBiYlz3gt4zCz6Tb6H/2hY=
-12,-3,WAIdzFBXojP3OqL4x81yplDwsnU=,31LI3IG2lw8cLeW2TWAP2AjmjKM=
-12,-2,WAIdzFBXojP3OqL4x81yplDwsnU=,M1YdEg5mIiEvtXo6z57/hz6J0GU=
-12,-1,WAIdzFBXojP3OqL4x81yplDwsnU=,dJDz3MiUMaoEkMdmC52nBBjyDXQ=
-12,-8,WAIdzFBXojP3OqL4x81yplDwsnU=,hzsoni7a7jhj8bHo5CNL44IIo/w=
-12,-7,WAIdzFBXojP3OqL4x81yplDwsnU=,6k2rQifweNrukvu+NkohZ6yG+JQ=
-12,-6,WAIdzFBXojP3OqL4x81yplDwsnU=,NYv5Jazi5A7g6WFpaQOGVoyCKF4=
-12,-5,WAIdzFBXojP3OqL4x81yplDwsnU=,RGGdrxo7OR3FpOkohxvuj65LwVA=
-12,-28,WAIdzFBXojP3OqL4x81yplDwsnU=,x1IL2YYIhP3y++HDnT9ouVExkU0=
-12,-27,WAIdzFBXojP3OqL4x81yplDwsnU=,zpeTr6axLhjDUmye8TsjNmkJK+8=
-12,-26,WAIdzFBXojP3OqL4x81yplDwsnU=,t9N2DHbi4tP6hi219yDKFDGW9DA=
-12,-25,WAIdzFBXojP3OqL4x81yplDwsnU=,kGJ/DDd4opF8QfEFLmFr6yurC8g=
-12,-32,WAIdzFBXojP3OqL4x81yplDwsnU=,dmZzFsrudy8nP9ggj2cdqXLbq80=
-12,-31,WAIdzFBXojP3OqL4x81yplDwsnU=,rU5l36/WXuPJjTZ6Ywl7HLQTyOU=
-12,-30,WAIdzFBXojP3OqL4x81yplDwsnU=,PnwKewOYenbfn/gEy0VoQlNzy64=
-12,-29,WAIdzFBXojP3OqL4x81yplDwsnU=,n1Ncgl5lHee/O4ma656oB096E04=
-12,-20,WAIdzFBXojP3OqL4x81yplDwsnU=,H5mnuZMjVZjwZWH8kNN1LjyYLsg=
-12,-19,WAIdzFBXojP3OqL4x81yplDwsnU=,yQr2qfjjxJVt10x5Q5DPrL2IsoQ=
-12,-18,WAIdzFBXojP3OqL4x81yplDwsnU=,RFib7mkWagr5U327yJu/uFGrCEc=
-12,-17,WAIdzFBXojP3OqL4x81yplDwsnU=,AYiQ0jGwU+3XT3q4mLKAKyOFvKg=
-12,-24,WAIdzFBXojP3OqL4x81yplDwsnU=,5EUgeb0YnQ39DTpWEHwBu+R5v9w=
-12,-23,WAIdzFBXojP3OqL4x81yplDwsnU=,a4lD+i/lLiFh55EHO8yFuoLSMJQ=
-12,-22,WAIdzFBXojP3OqL4x81yplDwsnU=,z7bGEqIsYUdYf036IffZDA86TOc=
-12,-21,WAIdzFBXojP3OqL4x81yplDwsnU=,qhb9Rg0UQOpEpyw7puoMlyNT4nk=
-13,-13,WAIdzFBXojP3OqL4x81yplDwsnU=,YKOU5EgrQ8vyYL1nkKqVaabHDZ0=
-13,-14,WAIdzFBXojP3OqL4x81yplDwsnU=,IfF0eFR3Rtyg1e9zVsUoo7wutlw=
-13,-15,WAIdzFBXojP3OqL4x81yplDwsnU=,N8lkNtpUHx5/4Z6mPQVZkYLYiOo=
-13,-16,WAIdzFBXojP3OqL4x81yplDwsnU=,1G029MGbL8M2ZdLWm7nFX2W74Bc=
-13,-9,WAIdzFBXojP3OqL4x81yplDwsnU=,5EI3rFkx5ADmqGPyYm5RG7SX/vs=
-13,-10,WAIdzFBXojP3OqL4x81yplDwsnU=,TIOR+knT22/1Hb+iNMyZISU/ZfE=
-13,-11,WAIdzFBXojP3OqL4x81yplDwsnU=,cbowObX6d/yWB4ecb/EsOFL/ZZA=
-13,-12,WAIdzFBXojP3OqL4x81yplDwsnU=,3yL/7mTXuxD8l0yo9DA2R/Z7Klk=
-13,-5,WAIdzFBXojP3OqL4x81yplDwsnU=,o2CUUcN2NkoLiqBB9NZoq1qzTDw=
-13,-6,WAIdzFBXojP3OqL4x81yplDwsnU=,brP78i/ACaTkT/2WUiruNhTum3w=
-13,-7,WAIdzFBXojP3OqL4x81yplDwsnU=,8lA2ax8jjQ+g7QiMHM4unxwcTxk=
-13,-8,WAIdzFBXojP3OqL4x81yplDwsnU=,lxonhFIPj1FqoVjAMP1k3H6tkaE=
-13,-1,WAIdzFBXojP3OqL4x81yplDwsnU=,kks5MFqSqe3gphb7L3z7ejVL450=
-13,-2,WAIdzFBXojP3OqL4x81yplDwsnU=,AgkS0cm51YAp/5FLa7gD6cLZJtU=
-13,-3,WAIdzFBXojP3OqL4x81yplDwsnU=,31LI3IG2lw8cLeW2TWAP2AjmjKM=
-13,-4,zV31uyPVkkHPY67rz0Lvz+Rz7G4=,RKuN2zVlf+ds0KF5SsALTK2eavI=
-13,-29,zV31uyPVkkHPY67rz0Lvz+Rz7G4=,pdZoqE94DctqPANeRrZbxTi1F0Q=
-13,-30,zV31uyPVkkHPY67rz0Lvz+Rz7G4=,tbPCGV1+OjClZu97jABSgCBqjnA=
-13,-31,zV31uyPVkkHPY67rz0Lvz+Rz7G4=,lSRK9yG9LAsRPdCnyr9eRCNATDk=
-13,-32,zV31uyPVkkHPY67rz0Lvz+Rz7G4=,tJrMiVP70/n6tyxHq/ab/HGH+do=
-13,-25,zV31uyPVkkHPY67rz0Lvz+Rz7G4=,6SeOq71SWy8frJiFPIr/C8omGMI=
-13,-26,zV31uyPVkkHPY67rz0Lvz+Rz7G4=,5cVDb5M9EMztf/6bOcZMkbwP9l0=
-13,-27,zV31uyPVkkHPY67rz0Lvz+Rz7G4=,93px2z804h6paUQmxgWWZ8TTIrA=
-13,-28,zV31uyPVkkHPY67rz0Lvz+Rz7G4=,krHXeAddDj+xpPaahbYdP8MPLXc=
-13,-21,zV31uyPVkkHPY67rz0Lvz+Rz7G4=,U1WQKK7C6O93Bkn7m7E+uJk4ehU=
-13,-22,zV31uyPVkkHPY67rz0Lvz+Rz7G4=,CrCKdxHUtSh9Rz5lsnyo5aKG9qU=
-13,-23,zV31uyPVkkHPY67rz0Lvz+Rz7G4=,6CPBTPrina2cK5MLpvjRhkCd9Lo=
-13,-24,zV31uyPVkkHPY67rz0Lvz+Rz7G4=,1pNRaamWosyetcj1Wj3sUWZCc/8=
-13,-17,zV31uyPVkkHPY67rz0Lvz+Rz7G4=,WquHwCtPvsnBtK+OJP+rwcaV3Oc=
-13,-18,zV31uyPVkkHPY67rz0Lvz+Rz7G4=,v+e4r0q3/6JeCKkNA66iJjKGxK0=
-13,-19,zV31uyPVkkHPY67rz0Lvz+Rz7G4=,Jb119MEarw9ubpxvUDKoxwI4e/c=
-13,-20,zV31uyPVkkHPY67rz0Lvz+Rz7G4=,U1WQKK7C6O93Bkn7m7E+uJk4ehU=
-14,-14,zV31uyPVkkHPY67rz0Lvz+Rz7G4=,ZAKn+Umo46ufzeeex1GQKFNHZTg=
-14,-13,zV31uyPVkkHPY67rz0Lvz+Rz7G4=,9MXHp0B/vEEfF9a+r80i3Bj0vRo=
-14,-16,zV31uyPVkkHPY67rz0Lvz+Rz7G4=,4tPIa4JeY4MsbNp42PyX88OWVr8=
-14,-15,zV31uyPVkkHPY67rz0Lvz+Rz7G4=,AMhjR5PA2G1ll8NBDN66aQGHx1s=
-14,-10,zV31uyPVkkHPY67rz0Lvz+Rz7G4=,/+oO5tQAcKHJZl29Q78UD6R6sfA=
-14,-9,zV31uyPVkkHPY67rz0Lvz+Rz7G4=,/+oO5tQAcKHJZl29Q78UD6R6sfA=
-14,-12,zV31uyPVkkHPY67rz0Lvz+Rz7G4=,/+oO5tQAcKHJZl29Q78UD6R6sfA=
-14,-11,zV31uyPVkkHPY67rz0Lvz+Rz7G4=,/+oO5tQAcKHJZl29Q78UD6R6sfA=
-14,-6,zV31uyPVkkHPY67rz0Lvz+Rz7G4=,A7FYv7jaWC/G9M9uoz10owK7OuM=
-14,-5,zV31uyPVkkHPY67rz0Lvz+Rz7G4=,Ldf0vLHs4XDIuGgUvwvraK7yn/E=
-14,-8,zV31uyPVkkHPY67rz0Lvz+Rz7G4=,7Eh1CwLYwreAeRB8G6eoFKrtkNU=
-14,-7,zV31uyPVkkHPY67rz0Lvz+Rz7G4=,m4MCR1P+J53gLIy6y1idHDQh47g=
-14,-2,zV31uyPVkkHPY67rz0Lvz+Rz7G4=,mBMkqMS3N920MkFpQKLrZ65GgSk=
-14,-1,zV31uyPVkkHPY67rz0Lvz+Rz7G4=,cx5hJSUcHJn8fUkRgixTv7j7or4=
-14,-4,zV31uyPVkkHPY67rz0Lvz+Rz7G4=,9XRvkIappWIQv51P7oYWhChtC5o=
-14,-3,zV31uyPVkkHPY67rz0Lvz+Rz7G4=,M1YdEg5mIiEvtXo6z57/hz6J0GU=
-14,-30,zV31uyPVkkHPY67rz0Lvz+Rz7G4=,5cMWXR4ZIidCSjSMnKBc58fYu/I=
-14,-29,zV31uyPVkkHPY67rz0Lvz+Rz7G4=,WY74hLk3pZ/N/D1FFRBq5WYceqM=
-14,-32,zV31uyPVkkHPY67rz0Lvz+Rz7G4=,MjwJnSUzJ7LIZoIk4esv9yhHqJU=
-14,-31,zV31uyPVkkHPY67rz0Lvz+Rz7G4=,F2AhCD6BN+pTp5hAUSQCeXzNIRE=
-14,-26,zV31uyPVkkHPY67rz0Lvz+Rz7G4=,fQqwiTMGYOvdCjtI09XmJKHbdqw=
-14,-25,zV31uyPVkkHPY67rz0Lvz+Rz7G4=,ACAT7ZzcLnVVf1AvxWSUpiOPLyE=
-14,-28,zV31uyPVkkHPY67rz0Lvz+Rz7G4=,WY74hLk3pZ/N/D1FFRBq5WYceqM=
-14,-27,zV31uyPVkkHPY67rz0Lvz+Rz7G4=,/myyh47L1KmMn7/FX1RbDQDdzdw=
-14,-22,zV31uyPVkkHPY67rz0Lvz+Rz7G4=,sSVKbYDNCm2HdphOj6htAGGAh1w=
-14,-21,zV31uyPVkkHPY67rz0Lvz+Rz7G4=,JEQ5iWBRkMs1thcho1U1CfupUFU=
-14,-24,zV31uyPVkkHPY67rz0Lvz+Rz7G4=,IC7BA0sNbhuCpz7fTQUoGpArWDk=
-14,-23,zV31uyPVkkHPY67rz0Lvz+Rz7G4=,bDw0OfioozgeH9r/5bqrEuuzwUY=
-14,-18,zV31uyPVkkHPY67rz0Lvz+Rz7G4=,OJnQt7YHXzKjyLQK9r/vaqgSnho=
-14,-17,zV31uyPVkkHPY67rz0Lvz+Rz7G4=,WR4IE/YiW855HQUwgA60rCc6xAU=
-14,-20,zV31uyPVkkHPY67rz0Lvz+Rz7G4=,biNQzO1PouxLH1DMgcI2/egzlSw=
-14,-19,zV31uyPVkkHPY67rz0Lvz+Rz7G4=,15pZA4HvFopug9vK2JfS0pUf+Bw=
-15,-15,zV31uyPVkkHPY67rz0Lvz+Rz7G4=,Wq/LbeF5wXUPGGf5dI0TityNCcg=
-15,-16,zV31uyPVkkHPY67rz0Lvz+Rz7G4=,XxgXsfyoED8cMptPlnPnuo0qIYM=
-15,-13,zV31uyPVkkHPY67rz0Lvz+Rz7G4=,Qv9/NrG0sORyASA8xIoaN7exKvs=
-15,-14,zV31uyPVkkHPY67rz0Lvz+Rz7G4=,1/CSGjCATLJJUcFh8aeJPw2KMak=
-15,-11,zV31uyPVkkHPY67rz0Lvz+Rz7G4=,VJm+EH73KDotXzpOCEFZ5ITvXaA=
-15,-12,zV31uyPVkkHPY67rz0Lvz+Rz7G4=,VJm+EH73KDotXzpOCEFZ5ITvXaA=
-15,-9,zV31uyPVkkHPY67rz0Lvz+Rz7G4=,qxrSkh1IVy7JVwXclmEqhsmUES4=
-15,-10,zV31uyPVkkHPY67rz0Lvz+Rz7G4=,VJm+EH73KDotXzpOCEFZ5ITvXaA=
-15,-7,zV31uyPVkkHPY67rz0Lvz+Rz7G4=,8SwdmZBVwzgwfnqj6nE2b0gaJYw=
-15,-8,zV31uyPVkkHPY67rz0Lvz+Rz7G4=,8SwdmZBVwzgwfnqj6nE2b0gaJYw=
-15,-5,cmGTHd1DzZBvzwTgsvhwWn095pA=,VK5p4SlJqCpWs3+uch3yIjO2Z04=
-15,-6,cmGTHd1DzZBvzwTgsvhwWn095pA=,/r1KP0osCkLyymmN0A5grBvc6T4=
-15,-3,cmGTHd1DzZBvzwTgsvhwWn095pA=,eoRY27EvQO7Wb2DGycm0sI6nqDA=
-15,-4,cmGTHd1DzZBvzwTgsvhwWn095pA=,cCYrt7PmpYPLc3rgs0pfVowiOtc=
-15,-1,cmGTHd1DzZBvzwTgsvhwWn095pA=,zEsopYIGUD78KOelYfuPX8ykpYQ=
-15,-2,cmGTHd1DzZBvzwTgsvhwWn095pA=,geOgwcdZ68rej46Sk0831W29C8c=
-15,-31,cmGTHd1DzZBvzwTgsvhwWn095pA=,OjtsbsV4Nwj/MQGBnTuBbWrfhJs=
-15,-32,cmGTHd1DzZBvzwTgsvhwWn095pA=,X923wdKOD8eQZ/BtOAuuz6RWCG4=
-15,-29,cmGTHd1DzZBvzwTgsvhwWn095pA=,OUNqhx0fBieztWPEUFSWUz1OLlE=
-15,-30,cmGTHd1DzZBvzwTgsvhwWn095pA=,XjKbz1mXR3ZUJSmN15aLb1lUbrA=
-15,-27,cmGTHd1DzZBvzwTgsvhwWn095pA=,bXKx56umNsq3MkY1Bm9KtxLLmdw=
-15,-28,cmGTHd1DzZBvzwTgsvhwWn095pA=,ncRgBjZNfH7Wqgbm8PcmhsSuZYk=
-15,-25,cmGTHd1DzZBvzwTgsvhwWn095pA=,vPHgyhKNfUThSYQhcPbRtmRNVi8=
-15,-26,cmGTHd1DzZBvzwTgsvhwWn095pA=,psh54ricwleFv+XlLz4OYjKsIv4=
-15,-23,cmGTHd1DzZBvzwTgsvhwWn095pA=,wx/3V1wnw6uf9C1q1l+Q1E0gygQ=
-15,-24,cmGTHd1DzZBvzwTgsvhwWn095pA=,IC7BA0sNbhuCpz7fTQUoGpArWDk=
-15,-21,cmGTHd1DzZBvzwTgsvhwWn095pA=,XMynsFJdcVtSp59yFKo1V7hc+tc=
-15,-22,cmGTHd1DzZBvzwTgsvhwWn095pA=,hO9KftDqyz1B3STQ8DgQp3uzxJU=
-15,-19,cmGTHd1DzZBvzwTgsvhwWn095pA=,1M4M5mwHgqp1Or6O79XfVggLAu4=
-15,-20,cmGTHd1DzZBvzwTgsvhwWn095pA=,BuXq+PzW3u1kCzFe+5TnoC6+P7E=
-15,-17,cmGTHd1DzZBvzwTgsvhwWn095pA=,4hkhBymhFEfee8Yt7lr+ZCS43FQ=
-15,-18,cmGTHd1DzZBvzwTgsvhwWn095pA=,ZbbaV0O/ktDdCRgZw9j34X9ouVI=
-16,-16,cmGTHd1DzZBvzwTgsvhwWn095pA=,2mD2BhZNpe1pUvFgmeKZ/qfW3R8=
-16,-15,cmGTHd1DzZBvzwTgsvhwWn095pA=,40r45kKACLKpt3RrQsJX//4li6w=
-16,-14,cmGTHd1DzZBvzwTgsvhwWn095pA=,fPk2ZovxvcK3WqCVKwXVlxTxxPg=
-16,-13,cmGTHd1DzZBvzwTgsvhwWn095pA=,mYQyx7yGUXitJCtYdL84uK304h0=
-16,-12,cmGTHd1DzZBvzwTgsvhwWn095pA=,Elt8k6WerzidMx/PZb8ScwV04JI=
-16,-11,cmGTHd1DzZBvzwTgsvhwWn095pA=,Elt8k6WerzidMx/PZb8ScwV04JI=
-16,-10,cmGTHd1DzZBvzwTgsvhwWn095pA=,Elt8k6WerzidMx/PZb8ScwV04JI=
-16,-9,cmGTHd1DzZBvzwTgsvhwWn095pA=,CHLDN2H0OybRYmDZ4LTHO7Pl9vA=
-16,-8,cmGTHd1DzZBvzwTgsvhwWn095pA=,8SwdmZBVwzgwfnqj6nE2b0gaJYw=
-16,-7,cmGTHd1DzZBvzwTgsvhwWn095pA=,8SwdmZBVwzgwfnqj6nE2b0gaJYw=
-16,-6,cmGTHd1DzZBvzwTgsvhwWn095pA=,8SwdmZBVwzgwfnqj6nE2b0gaJYw=
-16,-5,cmGTHd1DzZBvzwTgsvhwWn095pA=,AgK7DNilBNpLeqZx8bMyS7JE35A=
-16,-4,cmGTHd1DzZBvzwTgsvhwWn095pA=,YrvbhNipuZ7m75hZtzo2i9kduCw=
-16,-3,cmGTHd1DzZBvzwTgsvhwWn095pA=,YrvbhNipuZ7m75hZtzo2i9kduCw=
-16,-2,cmGTHd1DzZBvzwTgsvhwWn095pA=,oLf6FSWWLIOOIjZMlXEQzkPN0DI=
-16,-1,cmGTHd1DzZBvzwTgsvhwWn095pA=,4yLrhH2eaK5e819wgi9mJO9xWtY=
-16,-32,cmGTHd1DzZBvzwTgsvhwWn095pA=,UwxXPjdn8Uw9D25LYxUNc0f38u0=
-16,-31,cmGTHd1DzZBvzwTgsvhwWn095pA=,/4RpjCFFcJc+D91L1znivS1r5ac=
-16,-30,cmGTHd1DzZBvzwTgsvhwWn095pA=,YkW8YKfBHXXHCFQVK7A1jcg85L4=
-16,-29,cmGTHd1DzZBvzwTgsvhwWn095pA=,bXKx56umNsq3MkY1Bm9KtxLLmdw=
-16,-28,cmGTHd1DzZBvzwTgsvhwWn095pA=,pDaLMRg0XDL1nUUEwSR2LrAHvlk=
-16,-27,cmGTHd1DzZBvzwTgsvhwWn095pA=,8lMi50vmUT0/U/Osc4O8uCg2q1g=
-16,-26,cmGTHd1DzZBvzwTgsvhwWn095pA=,V17Qqf2uSVWmts+RAzMHevP/SiQ=
-16,-25,cmGTHd1DzZBvzwTgsvhwWn095pA=,JXll9qxUBJK/84XGMNe65eHnIMA=
-16,-24,cmGTHd1DzZBvzwTgsvhwWn095pA=,b+uBb94CZkmFKyDT9X4CQsuRzpM=
-16,-23,cmGTHd1DzZBvzwTgsvhwWn095pA=,igTXHKgcE83QH1C14WIBBWHV+3Q=
-16,-22,cmGTHd1DzZBvzwTgsvhwWn095pA=,9tnu9/86FqqG8Bq/hVGXyh/iHUM=
-16,-21,cmGTHd1DzZBvzwTgsvhwWn095pA=,+VwNAXJi9fp3U03lk96gzdxZMzE=
-16,-20,cmGTHd1DzZBvzwTgsvhwWn095pA=,K43vFA07VOD/W5Jv8nCaabowyE8=
-16,-19,cmGTHd1DzZBvzwTgsvhwWn095pA=,K43vFA07VOD/W5Jv8nCaabowyE8=
-16,-18,cmGTHd1DzZBvzwTgsvhwWn095pA=,353cE+rHoLbZgt5DGBYj/ZbPkdo=
-16,-17,cmGTHd1DzZBvzwTgsvhwWn095pA=,FxzvC5mgPK8pXAGQBGvukEa5lcI=
-17,-17,cmGTHd1DzZBvzwTgsvhwWn095pA=,V6SMGp4siAeuHrAgg/5SOF56yh0=
-17,-18,cmGTHd1DzZBvzwTgsvhwWn095pA=,110uNZl5mdgimMXQwc8iPnH5Axc=
-17,-19,cmGTHd1DzZBvzwTgsvhwWn095pA=,dqMOufBl5dsSvLmyb0KlGJqa6QM=
-17,-20,cmGTHd1DzZBvzwTgsvhwWn095pA=,oC1HRYbx8DiTqBbW6Yoredc3GvE=
-17,-21,cmGTHd1DzZBvzwTgsvhwWn095pA=,ZSd2sqvR/g5FcWwrJ6OLlLzlqKs=
-17,-22,cmGTHd1DzZBvzwTgsvhwWn095pA=,oDMJ1pGNvxXRceDl6fL0/sp1azo=
-17,-23,cmGTHd1DzZBvzwTgsvhwWn095pA=,afzR3C8Mr0hg+wiWVjlWVAxVOtI=
-17,-24,cmGTHd1DzZBvzwTgsvhwWn095pA=,grEqoULiqid3bEeMMNuIrumT0ac=
-17,-25,cmGTHd1DzZBvzwTgsvhwWn095pA=,jbXu0BLoj6Ckn0h4F6UAgjXrh3k=
-17,-26,cmGTHd1DzZBvzwTgsvhwWn095pA=,J7eWg38Dia8bJUW5f7cUFEieAtI=
-17,-27,cmGTHd1DzZBvzwTgsvhwWn095pA=,5w2JJuMEkqxrXP4HX7vaEEtxpBg=
-17,-28,cmGTHd1DzZBvzwTgsvhwWn095pA=,hOE8keBuF2kcCcR1llChj3hjm/Q=
-17,-29,t7fjk2lRpvthEZgYuTJxmYoXXJY=,vhTmp0LgD+tCMgkGlqHhELMKNkc=
-17,-30,t7fjk2lRpvthEZgYuTJxmYoXXJY=,8pPTKxPxO7T5snGJC6o2a3LeLkM=
-17,-31,t7fjk2lRpvthEZgYuTJxmYoXXJY=,djTz0nsCSaTNdQbhZKRb1fl9TaY=
-17,-32,t7fjk2lRpvthEZgYuTJxmYoXXJY=,tin85lpglv/PJdxOH0LUG7+VMXs=
-17,-1,t7fjk2lRpvthEZgYuTJxmYoXXJY=,mtK7LUj0coI6wOyIxFPyVKClxy0=
-17,-2,t7fjk2lRpvthEZgYuTJxmYoXXJY=,1rMmOVppGPCjMtIwExVB0CGWi5Y=
-17,-3,t7fjk2lRpvthEZgYuTJxmYoXXJY=,gHyE9/R2gEStg4PFe8g4yNAV8C4=
-17,-4,t7fjk2lRpvthEZgYuTJxmYoXXJY=,gHyE9/R2gEStg4PFe8g4yNAV8C4=
-17,-5,t7fjk2lRpvthEZgYuTJxmYoXXJY=,hnSmqOQ1JXWY6Dw9W4kq1YVZn9A=
-17,-6,t7fjk2lRpvthEZgYuTJxmYoXXJY=,hvswk4XzIE+LYl64X/c8aCnOZL8=
-17,-7,t7fjk2lRpvthEZgYuTJxmYoXXJY=,vTwrStjBsgT+jRr61KApqK/Y2aY=
-17,-8,t7fjk2lRpvthEZgYuTJxmYoXXJY=,7EKnM6oDqSTMDwY6XpnbvYJoDDE=
-17,-9,t7fjk2lRpvthEZgYuTJxmYoXXJY=,ooEd9c+Jt6/xBwkviywGhfxKwi0=
-17,-10,t7fjk2lRpvthEZgYuTJxmYoXXJY=,PR0QkGu00oKNyRFlbeToD+ylTe4=
-17,-11,t7fjk2lRpvthEZgYuTJxmYoXXJY=,HZqOLCiqFRaprTtiIYRzHbnHEbg=
-17,-12,t7fjk2lRpvthEZgYuTJxmYoXXJY=,HZqOLCiqFRaprTtiIYRzHbnHEbg=
-17,-13,t7fjk2lRpvthEZgYuTJxmYoXXJY=,HZqOLCiqFRaprTtiIYRzHbnHEbg=
-17,-14,t7fjk2lRpvthEZgYuTJxmYoXXJY=,kzBBp4dbR7utwkiX/NSCQ8JxHx8=
-17,-15,t7fjk2lRpvthEZgYuTJxmYoXXJY=,MrxjpTu//MRVJhvBWRA3In41g3Y=
-17,-16,t7fjk2lRpvthEZgYuTJxmYoXXJY=,jJSp1i0py94xZyDIytTtDVuBD/I=
-18,-18,t7fjk2lRpvthEZgYuTJxmYoXXJY=,Nj1PLmqwAUOhZ1zW35H6i719OAc=
-18,-17,t7fjk2lRpvthEZgYuTJxmYoXXJY=,vFSmk11Qnw3UlU71VxC4emHkbkA=
-18,-20,t7fjk2lRpvthEZgYuTJxmYoXXJY=,atJYhuuyadRFwDTBkkvQ4VphfvY=
-18,-19,t7fjk2lRpvthEZgYuTJxmYoXXJY=,7Q4FzEdjG2m1kZQapUp0qv65pTc=
-18,-22,t7fjk2lRpvthEZgYuTJxmYoXXJY=,uqzpy02S03MSBktr+4HqBNXWK64=
-18,-21,t7fjk2lRpvthEZgYuTJxmYoXXJY=,ZSd2sqvR/g5FcWwrJ6OLlLzlqKs=
-18,-24,t7fjk2lRpvthEZgYuTJxmYoXXJY=,51MQORWgRLUAQl/SxmNTkL/WaPQ=
-18,-23,t7fjk2lRpvthEZgYuTJxmYoXXJY=,p0D9m1MZUf3UAwOAwkLWEgZDE2A=
-18,-26,t7fjk2lRpvthEZgYuTJxmYoXXJY=,xVLCQz3UCh+RruFkBJCwV415U1E=
-18,-25,t7fjk2lRpvthEZgYuTJxmYoXXJY=,lAyrE10hKue8wGI9eDUG3RXs3+Y=
-18,-28,t7fjk2lRpvthEZgYuTJxmYoXXJY=,rj/sxh3ONEUJz8xB29CyLNtAvVk=
-18,-27,t7fjk2lRpvthEZgYuTJxmYoXXJY=,jsJhasdQOa4SDamRL1LPjZnc0Jo=
-18,-30,t7fjk2lRpvthEZgYuTJxmYoXXJY=,aXPRMbw37sAww7trgT/E8wwnIs0=
-18,-29,t7fjk2lRpvthEZgYuTJxmYoXXJY=,KwzxeIFYoqMhQ4tL5BGL7B7M0Mk=
-18,-32,t7fjk2lRpvthEZgYuTJxmYoXXJY=,AeZG7O5A9GTYhSGtf7R9ApgzymI=
-18,-31,t7fjk2lRpvthEZgYuTJxmYoXXJY=,AuHD5QbiwNDkUbsJcE8J9uacJJA=
-18,-2,t7fjk2lRpvthEZgYuTJxmYoXXJY=,0uK9tMvfL/PyxPZ5gUdDiXVeUjQ=
-18,-4,t7fjk2lRpvthEZgYuTJxmYoXXJY=,uEj++d3bblDQAKiFSCyCK0Id4A4=
-18,-3,t7fjk2lRpvthEZgYuTJxmYoXXJY=,uEj++d3bblDQAKiFSCyCK0Id4A4=
-18,-6,t7fjk2lRpvthEZgYuTJxmYoXXJY=,6ZMzxj30Eip3YglVsPJnPFbJHTQ=
-18,-5,t7fjk2lRpvthEZgYuTJxmYoXXJY=,ZXDnmAVS8JO9bsEjJ56lptLVpKE=
-18,-8,t7fjk2lRpvthEZgYuTJxmYoXXJY=,WnQhyL06NNEFPPeIzugoMArqME8=
-18,-7,t7fjk2lRpvthEZgYuTJxmYoXXJY=,AucnJOL2RnD9Mn3a4NXufxHLZHo=
-18,-10,t7fjk2lRpvthEZgYuTJxmYoXXJY=,+mBlj/wuu6U5CsOQOTlx+5OuT0o=
-18,-9,t7fjk2lRpvthEZgYuTJxmYoXXJY=,ooEd9c+Jt6/xBwkviywGhfxKwi0=
-18,-12,t7fjk2lRpvthEZgYuTJxmYoXXJY=,pZke+gqrjHjJ5r0GGU+6YHJhfAs=
-18,-11,t7fjk2lRpvthEZgYuTJxmYoXXJY=,jEG69xYfCa59+4xOeRrRgc4BGyc=
-18,-14,t7fjk2lRpvthEZgYuTJxmYoXXJY=,sGIFs1jx+MsMlWDIs5+e4ZDDmQI=
-18,-13,t7fjk2lRpvthEZgYuTJxmYoXXJY=,RVGkk9T9DoP2JdYLIZl6JC/mvsI=
-18,-16,t7fjk2lRpvthEZgYuTJxmYoXXJY=,myePIf/1i0WRMtMen0LP6wprThQ=
-18,-15,t7fjk2lRpvthEZgYuTJxmYoXXJY=,myePIf/1i0WRMtMen0LP6wprThQ=
-19,-19,t7fjk2lRpvthEZgYuTJxmYoXXJY=,nQLs9Gd2oCLGcy22zypH4FV6I1E=
-19,-20,t7fjk2lRpvthEZgYuTJxmYoXXJY=,HKeu0QR4OdhsQiqm4h4bm5VUSX4=
-19,-17,t7fjk2lRpvthEZgYuTJxmYoXXJY=,4KxL+RVMiMB5TW9GMei6X0L1xCk=
-19,-18,t7fjk2lRpvthEZgYuTJxmYoXXJY=,GecjKNRhsbYlkFSKcmjcSj2QHgM=
-19,-23,t7fjk2lRpvthEZgYuTJxmYoXXJY=,XwjTCcJKUOAGrODbAgc76rXvbXE=
-19,-24,t7fjk2lRpvthEZgYuTJxmYoXXJY=,bkoUaVgvIbbswXcR8R9hU2/qDp8=
-19,-21,t7fjk2lRpvthEZgYuTJxmYoXXJY=,ZSd2sqvR/g5FcWwrJ6OLlLzlqKs=
-19,-22,t7fjk2lRpvthEZgYuTJxmYoXXJY=,uqzpy02S03MSBktr+4HqBNXWK64=
-19,-27,t7fjk2lRpvthEZgYuTJxmYoXXJY=,iY+U6o4etdLEpynMfheI4NpfYU8=
-19,-28,t7fjk2lRpvthEZgYuTJxmYoXXJY=,hfLjLPJ9oPFhFNhQtBA4SDGUbVg=
-19,-25,t7fjk2lRpvthEZgYuTJxmYoXXJY=,Fhpo4HdtPX/pNa3TaiKD+eNb8Uw=
-19,-26,t7fjk2lRpvthEZgYuTJxmYoXXJY=,57jIS8T/hwulRD3Dvv0ScJTdlDo=
-19,-31,t7fjk2lRpvthEZgYuTJxmYoXXJY=,b4u4BMNsfw7y5ZAuyPgsnlmzRfQ=
-19,-32,t7fjk2lRpvthEZgYuTJxmYoXXJY=,4G7RZdM/ab6OoIivmOw0XUUVpZ0=
-19,-29,t7fjk2lRpvthEZgYuTJxmYoXXJY=,l7aJhfsxToGMIuWLbvDoKNDOxyU=
-19,-30,t7fjk2lRpvthEZgYuTJxmYoXXJY=,bvjYHxVewyY81F8yG1d0wJwOSO0=
-19,-3,2rpPis+tRJBciCgvRVPvP6C+woQ=,gpZBEKNg8FpepnkU6BJYOTAV+AE=
-19,-4,2rpPis+tRJBciCgvRVPvP6C+woQ=,fXFReB7nF1IjPNJI2BBsVMZtlR0=
-19,-2,2rpPis+tRJBciCgvRVPvP6C+woQ=,neruEhOCVbAAt5YwzY6fv2o4F8U=
-19,-7,2rpPis+tRJBciCgvRVPvP6C+woQ=,BLeQDF8iExSDdi/YSO3hDVrSH6Y=
-19,-8,2rpPis+tRJBciCgvRVPvP6C+woQ=,LHMISm6q8h3EYvkMXaAgjMTZsAY=
-19,-5,2rpPis+tRJBciCgvRVPvP6C+woQ=,fT6A++F2x/m/NsM/OjFj5w7REQw=
-19,-6,2rpPis+tRJBciCgvRVPvP6C+woQ=,YklS90VGNBX49pQytd21YgH3w3I=
-19,-11,2rpPis+tRJBciCgvRVPvP6C+woQ=,//IQ/TvvDC5Y43uzrzmkTRYdR2w=
-19,-12,2rpPis+tRJBciCgvRVPvP6C+woQ=,bkZqMYXC7kigPiKxDikwP5LKj7s=
-19,-9,2rpPis+tRJBciCgvRVPvP6C+woQ=,ooEd9c+Jt6/xBwkviywGhfxKwi0=
-19,-10,2rpPis+tRJBciCgvRVPvP6C+woQ=,ejp3QD8uLhOPRGzMJCvqLBAlOr8=
-19,-15,2rpPis+tRJBciCgvRVPvP6C+woQ=,d3ZcgDhPTqyB+2U1pS9M9KWkTn4=
-19,-16,2rpPis+tRJBciCgvRVPvP6C+woQ=,ij60UWO2G2V+tdlRd8exLrTvZfI=
-19,-13,2rpPis+tRJBciCgvRVPvP6C+woQ=,pO7XI/QOWVsSihyXLB6AuGm0yis=
-19,-14,2rpPis+tRJBciCgvRVPvP6C+woQ=,iI2XrRdTlRKefMjyY7MueePzIys=
-20,-20,2rpPis+tRJBciCgvRVPvP6C+woQ=,h5ZL+wJ5W2k9O3Phgc3cCnUaZ6Q=
-20,-19,2rpPis+tRJBciCgvRVPvP6C+woQ=,J2o3Hel4iIXHpO08vk7DIJCt34w=
-20,-18,2rpPis+tRJBciCgvRVPvP6C+woQ=,q+dvU+1IlEJeZS0HPkQavMepeuU=
-20,-17,2rpPis+tRJBciCgvRVPvP6C+woQ=,zN7Na9OtEwwZsulxpfg8r924zPE=
-20,-24,2rpPis+tRJBciCgvRVPvP6C+woQ=,mm91fZhzpv0+L93HZUw49C7U4Qw=
-20,-23,2rpPis+tRJBciCgvRVPvP6C+woQ=,2bbs17CQT9IALjQTxlqMTPsV7r8=
-20,-22,2rpPis+tRJBciCgvRVPvP6C+woQ=,1+Dcwj/aGcwLXyn0E5EPxsWCmC4=
-20,-21,2rpPis+tRJBciCgvRVPvP6C+woQ=,MHPRwJr8eMg+NzFfJbFpxSRaVuM=
-20,-28,2rpPis+tRJBciCgvRVPvP6C+woQ=,eVI8yJ91J1hnkDE0z79H4MtY8wo=
-20,-27,2rpPis+tRJBciCgvRVPvP6C+woQ=,8lzIcKwtxeWURVnqQsBlGqp8OS0=
-20,-26,2rpPis+tRJBciCgvRVPvP6C+woQ=,sGa9WGbFCwYWCL/fBZVRxs4baak=
-20,-25,2rpPis+tRJBciCgvRVPvP6C+woQ=,+6oBhmmAYzeJhkKAQhSUDbP11hI=
-20,-32,2rpPis+tRJBciCgvRVPvP6C+woQ=,PKcTLxLK6Dos90pXkWSLtGrDjkk=
-20,-31,2rpPis+tRJBciCgvRVPvP6C+woQ=,taF4ykJc5QqDH2sTcdeS5T/GJEg=
-20,-30,2rpPis+tRJBciCgvRVPvP6C+woQ=,e4D4dchOEMfD9GZc1pwxSvzk6OI=
-20,-29,2rpPis+tRJBciCgvRVPvP6C+woQ=,/5vkf074pN+CN2t6RdX80T5mK8k=
-20,-4,2rpPis+tRJBciCgvRVPvP6C+woQ=,HYPDwn08PeRA5+Zn3hl2NWs8o7M=
-20,-3,2rpPis+tRJBciCgvRVPvP6C+woQ=,UoBBMAcoWoG3XMGbYTq4YeTF8AQ=
-20,-2,2rpPis+tRJBciCgvRVPvP6C+woQ=,UfSwQu8iTChIJASne0wOzacLavE=
-20,-8,2rpPis+tRJBciCgvRVPvP6C+woQ=,ZLqO0rl/k+r6AOYxmvvfWMhEo5Y=
-20,-7,2rpPis+tRJBciCgvRVPvP6C+woQ=,YklS90VGNBX49pQytd21YgH3w3I=
-20,-6,2rpPis+tRJBciCgvRVPvP6C+woQ=,YklS90VGNBX49pQytd21YgH3w3I=
-20,-5,2rpPis+tRJBciCgvRVPvP6C+woQ=,68ye3bTolZ124GT4ibO+1Tdf60U=
-20,-12,2rpPis+tRJBciCgvRVPvP6C+woQ=,9RR43Ie223OF19NoVa8vGVwxHKg=
-20,-11,2rpPis+tRJBciCgvRVPvP6C+woQ=,TGUTNWzZcy48PtsbZzVyNfvyWVc=
-20,-10,2rpPis+tRJBciCgvRVPvP6C+woQ=,HlE5YkhgUU/RYSqN83Wfa3VW5DQ=
-20,-9,2rpPis+tRJBciCgvRVPvP6C+woQ=,ooEd9c+Jt6/xBwkviywGhfxKwi0=
-20,-16,2rpPis+tRJBciCgvRVPvP6C+woQ=,cplLXnBkGoaCzMDDR2aenqvtyf4=
-20,-15,2rpPis+tRJBciCgvRVPvP6C+woQ=,nAVhbz92rjZkZfqw3S5Znhnnp+A=
-20,-14,2rpPis+tRJBciCgvRVPvP6C+woQ=,3HWrELr7fPIylxFssRLyfpcyFR4=
-20,-13,2rpPis+tRJBciCgvRVPvP6C+woQ=,9RR43Ie223OF19NoVa8vGVwxHKg=
-21,-21,2rpPis+tRJBciCgvRVPvP6C+woQ=,VmPutL4nXfwA3dhHmn/zu2B8Pgk=
-21,-22,2rpPis+tRJBciCgvRVPvP6C+woQ=,AJLZ6pannjf1abfU8LEglRddw2c=
-21,-23,2rpPis+tRJBciCgvRVPvP6C+woQ=,yfrGxNSIuy7OQB6V80PMPuoCalg=
-21,-24,2rpPis+tRJBciCgvRVPvP6C+woQ=,3tZszfTV90mRhW+c/JrhdXSrasQ=
-21,-17,2rpPis+tRJBciCgvRVPvP6C+woQ=,zN7Na9OtEwwZsulxpfg8r924zPE=
-21,-18,2rpPis+tRJBciCgvRVPvP6C+woQ=,1q+fffCtbsrL4KfuXldDng3qocU=
-21,-19,2rpPis+tRJBciCgvRVPvP6C+woQ=,+5RgwVwnHoQjPYkKme4sTYElxuM=
-21,-20,2rpPis+tRJBciCgvRVPvP6C+woQ=,uZEfVokEmkdxWnKIbEpwbUrCqHo=
-21,-29,2rpPis+tRJBciCgvRVPvP6C+woQ=,YOyVqeUn/2d46ILTmBdl3S3KQ5E=
-21,-30,2rpPis+tRJBciCgvRVPvP6C+woQ=,qsHaEBH1Mz1ARDGsU0CuBN3FcV0=
-21,-31,2rpPis+tRJBciCgvRVPvP6C+woQ=,trZxucVY9LeZ5+SpXBM5DYKk1MU=
-21,-32,2rpPis+tRJBciCgvRVPvP6C+woQ=,594yLQJDm1hUzocISe0oTIxyxV0=
-21,-25,2rpPis+tRJBciCgvRVPvP6C+woQ=,0r5R7PFSSuCpgUARAMgY2kXmxg4=
-21,-26,2rpPis+tRJBciCgvRVPvP6C+woQ=,gjb2ZxfDFb5KO/cyROgUbGqlBoY=
-21,-27,2rpPis+tRJBciCgvRVPvP6C+woQ=,Ibkg1+MlMN2Jp8z2ZpMHXcOzPas=
-21,-28,2rpPis+tRJBciCgvRVPvP6C+woQ=,bo7TKZOaeJN0vpYBOx5yO5xbzhI=
-21,-13,2rpPis+tRJBciCgvRVPvP6C+woQ=,zN9IuAIffPifwo7KWb8iLCpLDb8=
-21,-14,2rpPis+tRJBciCgvRVPvP6C+woQ=,NVNQjV2BLn4l1IBdUjKHmyOulGA=
-21,-15,2rpPis+tRJBciCgvRVPvP6C+woQ=,jTjSx5wc70JeiLXBe82WNGNszCA=
-21,-16,2rpPis+tRJBciCgvRVPvP6C+woQ=,G2Bm1Sw1gGbRFSo1of9rxVRrdC0=
-21,-9,2rpPis+tRJBciCgvRVPvP6C+woQ=,FixwoJWxU09fqiM6RUVIyXLTwsU=
-21,-10,2rpPis+tRJBciCgvRVPvP6C+woQ=,xuu6+/ooFmbBrIsA3D6wLsTJnng=
-21,-11,2rpPis+tRJBciCgvRVPvP6C+woQ=,9RR43Ie223OF19NoVa8vGVwxHKg=
-21,-12,2rpPis+tRJBciCgvRVPvP6C+woQ=,9RR43Ie223OF19NoVa8vGVwxHKg=
-22,-22,2rpPis+tRJBciCgvRVPvP6C+woQ=,O3OIsjETwNWeXjdS3vgG/BeK/G4=
-22,-21,2rpPis+tRJBciCgvRVPvP6C+woQ=,VyYkizGE4aZyWqbGWtpZObeY+rk=
-22,-24,2rpPis+tRJBciCgvRVPvP6C+woQ=,UbFIW1oUbJRhgUCJ62UPAHmyrZQ=
-22,-23,2rpPis+tRJBciCgvRVPvP6C+woQ=,VTfmNKaXfuFsF5lc5TWCeSKhkrU=
-22,-18,2rpPis+tRJBciCgvRVPvP6C+woQ=,ArKWwBWt0p5M+6krFHHgF7wIOjA=
-22,-17,2rpPis+tRJBciCgvRVPvP6C+woQ=,4lXKimL7c8pgN52jiRMNiAHuZPA=
-22,-20,2rpPis+tRJBciCgvRVPvP6C+woQ=,T3SVPJJbkrqrSOW9HOXv4i7yYmU=
-22,-19,2rpPis+tRJBciCgvRVPvP6C+woQ=,nQDMSozpPwleqUs0IqJdTnguiOs=
-22,-30,2rpPis+tRJBciCgvRVPvP6C+woQ=,mr5i7Xv6iJdj+Vfxp/frgy5Ae0A=
-22,-29,2rpPis+tRJBciCgvRVPvP6C+woQ=,b9/yM9s/pVoO5DsULvBmxjeSsZI=
-22,-32,ulZx38BZd/LvuHYSPVszGl9LGPo=,o7qntzr2QNRNE+CT535h6inNG5c=
-22,-31,ulZx38BZd/LvuHYSPVszGl9LGPo=,j2s0jfXSN8XfAvR02dfxTdx1mWs=
-22,-26,ulZx38BZd/LvuHYSPVszGl9LGPo=,yiJvUqWbVTcQHpZyuT65cLq9X5s=
-22,-25,ulZx38BZd/LvuHYSPVszGl9LGPo=,WgJbrPYX3PBvbsnU+4COAKdDQ4E=
-22,-28,ulZx38BZd/LvuHYSPVszGl9LGPo=,YyDdoms6CNB/I+tdUcf1nwRouhc=
-22,-27,ulZx38BZd/LvuHYSPVszGl9LGPo=,25+comfzFrdQs9WJuAhuIM+15fg=
-22,-14,ulZx38BZd/LvuHYSPVszGl9LGPo=,hfZepcQ2AH6mXaPaujVKkWObPjg=
-22,-13,ulZx38BZd/LvuHYSPVszGl9LGPo=,b+/T+HprLxBAD0bEJoj0Sv06xaU=
-22,-16,ulZx38BZd/LvuHYSPVszGl9LGPo=,AevvqcC9su3B+jD6oZBrkFqlvPM=
-22,-15,ulZx38BZd/LvuHYSPVszGl9LGPo=,6GwBsEMfblQg81bIIZmDFVm+hEM=
-23,-23,ulZx38BZd/LvuHYSPVszGl9LGPo=,xzXIMc5Ng96rrpANBC0jp0K4JoE=
-23,-24,ulZx38BZd/LvuHYSPVszGl9LGPo=,RvgCAx/qt9rH90qs2PaU7h3KAlk=
-23,-21,ulZx38BZd/LvuHYSPVszGl9LGPo=,yiWbNlK/DPE4ZQl+qiOkG8dPwUk=
-23,-22,ulZx38BZd/LvuHYSPVszGl9LGPo=,BHbWuVGKecdzh8mEDw106lY6eKo=
-23,-19,ulZx38BZd/LvuHYSPVszGl9LGPo=,BDL0x9+9ykZOtBaC74ha+JLPvdU=
-23,-20,ulZx38BZd/LvuHYSPVszGl9LGPo=,qARwPXlDK0gmppeEKyvqKGKC+rc=
-23,-17,ulZx38BZd/LvuHYSPVszGl9LGPo=,+Yxn0ZBvYDkic+oGgpYCwEuQpNk=
-23,-18,ulZx38BZd/LvuHYSPVszGl9LGPo=,/HcEWfs9WPOmZaw6Va0gGC9avxU=
-23,-31,ulZx38BZd/LvuHYSPVszGl9LGPo=,3YczHcMQ2t+9THvtn2c9ASsq5V8=
-23,-32,ulZx38BZd/LvuHYSPVszGl9LGPo=,Vf6HmcAGUkppJCR5Ptflvw/pkR8=
-23,-29,ulZx38BZd/LvuHYSPVszGl9LGPo=,1i40fyP8Do6VTDQY1TnGfTY1wro=
-23,-30,ulZx38BZd/LvuHYSPVszGl9LGPo=,cvFjecL8e55z4Sh05LVgQLNota0=
-23,-27,ulZx38BZd/LvuHYSPVszGl9LGPo=,25+comfzFrdQs9WJuAhuIM+15fg=
-23,-28,ulZx38BZd/LvuHYSPVszGl9LGPo=,CgUJbeCcAeK+be33C4m59zuuzZM=
-23,-25,ulZx38BZd/LvuHYSPVszGl9LGPo=,ZDVnYNmMHB5+PbOGwgilGWCi/Kc=
-23,-26,ulZx38BZd/LvuHYSPVszGl9LGPo=,+/siE/rk8w/nf7FGPcc90lRFpUg=
-23,-15,ulZx38BZd/LvuHYSPVszGl9LGPo=,yDxHQBBmzS5sDoJUl2tfWyyDMeo=
-23,-16,ulZx38BZd/LvuHYSPVszGl9LGPo=,tn7RZzQCtUCpV3X+oTtI8gZdpSQ=
-23,-13,ulZx38BZd/LvuHYSPVszGl9LGPo=,u7jVHYkwOOExr+TzYBe5HhlKxl0=
-23,-14,ulZx38BZd/LvuHYSPVszGl9LGPo=,IjodIEdlB7wAC2syeIWnBhffVV0=
-23,-12,ulZx38BZd/LvuHYSPVszGl9LGPo=,9RR43Ie223OF19NoVa8vGVwxHKg=
-24,-24,ulZx38BZd/LvuHYSPVszGl9LGPo=,ckQWHIZPrXYxV1gHM7Lpuk888QA=
-24,-23,ulZx38BZd/LvuHYSPVszGl9LGPo=,tkccAIb5TMts8ZY4OaW9VTwpAFg=
-24,-22,ulZx38BZd/LvuHYSPVszGl9LGPo=,8MxN/1pbqFRfbmvmUdIwm30ROVE=
-24,-21,ulZx38BZd/LvuHYSPVszGl9LGPo=,4VmGi/lqUq8jACDJBagbKaHMkNs=
-24,-20,ulZx38BZd/LvuHYSPVszGl9LGPo=,6uY4f15Wm4lxfy/J99iLiMgKPq0=
-24,-19,ulZx38BZd/LvuHYSPVszGl9LGPo=,bY2a1LXJvO2lN5cy3KbMUwEMTXo=
-24,-18,ulZx38BZd/LvuHYSPVszGl9LGPo=,ZAyYytfgkhg0uz16BG/ZVTvR4jg=
-24,-17,ulZx38BZd/LvuHYSPVszGl9LGPo=,08RSKxeH6hxGBrHGYWmHDT/Ygrc=
-24,-32,ulZx38BZd/LvuHYSPVszGl9LGPo=,n1Ioh/f0ouUh5zODerBF23jA6UY=
-24,-31,ulZx38BZd/LvuHYSPVszGl9LGPo=,JiWEuf+rhi/UG7ifruh/RudyMj8=
-24,-30,ulZx38BZd/LvuHYSPVszGl9LGPo=,yRElok3uGDUmIedPaiKPsTyyw4g=
-24,-29,ulZx38BZd/LvuHYSPVszGl9LGPo=,K46b6qbC5+G6PWgm2PE3vJetLAc=
-24,-28,ulZx38BZd/LvuHYSPVszGl9LGPo=,3w+p9CMpUB+1oMRNPmHoAJiW3gg=
-24,-27,ulZx38BZd/LvuHYSPVszGl9LGPo=,KUp0+q0REkTe/gCy+uYuVeHHMUA=
-24,-26,ulZx38BZd/LvuHYSPVszGl9LGPo=,7GhMoA7Opw8qY9MUgC/OrjAS8jk=
-24,-25,ulZx38BZd/LvuHYSPVszGl9LGPo=,wwEOxZSYEfoI4eDubCW1uwhzeOw=
-24,-16,ulZx38BZd/LvuHYSPVszGl9LGPo=,9RR43Ie223OF19NoVa8vGVwxHKg=
-24,-15,ulZx38BZd/LvuHYSPVszGl9LGPo=,9RR43Ie223OF19NoVa8vGVwxHKg=
-24,-14,ulZx38BZd/LvuHYSPVszGl9LGPo=,9RR43Ie223OF19NoVa8vGVwxHKg=
-24,-13,ulZx38BZd/LvuHYSPVszGl9LGPo=,9RR43Ie223OF19NoVa8vGVwxHKg=
-24,-12,ulZx38BZd/LvuHYSPVszGl9LGPo=,9RR43Ie223OF19NoVa8vGVwxHKg=
-25,-25,ulZx38BZd/LvuHYSPVszGl9LGPo=,zUex+eBT/DuGYTL29SyBd4jshtE=
-25,-26,ulZx38BZd/LvuHYSPVszGl9LGPo=,GhWusKOGJuupdS74r7qo//mnqe0=
-25,-27,ulZx38BZd/LvuHYSPVszGl9LGPo=,sqZ2ppZuIktqUbOVtR6bVFAG1Vo=
-25,-28,ulZx38BZd/LvuHYSPVszGl9LGPo=,4SoBmHiPKkxDwAYHkwMD7pvxlGk=
-25,-29,ulZx38BZd/LvuHYSPVszGl9LGPo=,usQgtUp7xmTOyLTWpQoBPflwucg=
-25,-30,ulZx38BZd/LvuHYSPVszGl9LGPo=,odvLI1ZFbQpluTdBpBG3gM4Nw30=
-25,-31,ulZx38BZd/LvuHYSPVszGl9LGPo=,VHLuWiUJGf5uMiuDbrRSw47NdyI=
-25,-32,ulZx38BZd/LvuHYSPVszGl9LGPo=,Qtsd8ZB4zN3+io9YOFVPaa4lJ40=
-25,-17,ulZx38BZd/LvuHYSPVszGl9LGPo=,EK9ISZNYi0DqjzD/ZEetjyQNnvc=
-25,-18,ulZx38BZd/LvuHYSPVszGl9LGPo=,EK9ISZNYi0DqjzD/ZEetjyQNnvc=
-25,-19,ulZx38BZd/LvuHYSPVszGl9LGPo=,nYN8hcBjxwdBx6m9R5HrIncfo5c=
-25,-20,ulZx38BZd/LvuHYSPVszGl9LGPo=,H8e3xiUoQf0F3M0tyvAaz+NBtzE=
-25,-21,ulZx38BZd/LvuHYSPVszGl9LGPo=,dCK9ofFA3GsY/7ij2Rdi6B5aLQE=
-25,-22,ulZx38BZd/LvuHYSPVszGl9LGPo=,K7SANqf60ZAx284Y+Q+8zaRTPGk=
-25,-23,ulZx38BZd/LvuHYSPVszGl9LGPo=,FSU1Wkp29IGdOUVQpxj8etFGfBg=
-25,-24,ulZx38BZd/LvuHYSPVszGl9LGPo=,K7SANqf60ZAx284Y+Q+8zaRTPGk=
-25,-13,UtW0p3kbM7iUdNGMCEWtzBs8TkA=,PY+KTVA/7p/WLU3Y74mEOQgWuYY=
-25,-14,UtW0p3kbM7iUdNGMCEWtzBs8TkA=,PY+KTVA/7p/WLU3Y74mEOQgWuYY=
-25,-15,UtW0p3kbM7iUdNGMCEWtzBs8TkA=,PY+KTVA/7p/WLU3Y74mEOQgWuYY=
-25,-16,UtW0p3kbM7iUdNGMCEWtzBs8TkA=,PY+KTVA/7p/WLU3Y74mEOQgWuYY=
-26,-26,UtW0p3kbM7iUdNGMCEWtzBs8TkA=,NB/p1WRb/5m4/kun1Yzah40vNQI=
-26,-25,UtW0p3kbM7iUdNGMCEWtzBs8TkA=,TP1pCHVYXdD838ST4ipJERlTHXM=
-26,-28,UtW0p3kbM7iUdNGMCEWtzBs8TkA=,LwMXfrLnQzqpLFzmxWQ9WjXFqGs=
-26,-27,UtW0p3kbM7iUdNGMCEWtzBs8TkA=,4ZrbdEYMLrF0gHR3+a6Rx2xJlok=
-26,-30,UtW0p3kbM7iUdNGMCEWtzBs8TkA=,ApNZGn+haB4wUcu6Z9EuO3T9NaU=
-26,-29,UtW0p3kbM7iUdNGMCEWtzBs8TkA=,OaUOKFUHsMuMRRV8EoJk+zChKzM=
-26,-32,UtW0p3kbM7iUdNGMCEWtzBs8TkA=,IpNhL/XDmkvs1XjqJDjX9viGLxc=
-26,-31,UtW0p3kbM7iUdNGMCEWtzBs8TkA=,S0C6aeguvtB8nHFfmrYQ/HlW/Qk=
-26,-18,UtW0p3kbM7iUdNGMCEWtzBs8TkA=,jGhvnX9Fr7SDiaZ6tOH3Jp5NqNg=
-26,-17,UtW0p3kbM7iUdNGMCEWtzBs8TkA=,iWJ7E1EdD/efHY8nX6WyzEQiS0w=
-26,-20,UtW0p3kbM7iUdNGMCEWtzBs8TkA=,gTzMBSuGMWltaAjJ61k4Na/zPak=
-26,-19,UtW0p3kbM7iUdNGMCEWtzBs8TkA=,Sbhx7OKtThy+ET9RVdcEhL9Dy8Y=
-26,-22,UtW0p3kbM7iUdNGMCEWtzBs8TkA=,581gHoruTJ+258DIJxNQjPtTG18=
-26,-21,UtW0p3kbM7iUdNGMCEWtzBs8TkA=,ZLcMolgEblWJUrX3Q3ZibWadH6Q=
-26,-24,UtW0p3kbM7iUdNGMCEWtzBs8TkA=,IfvJT1SAlgem5T+2NL4i9WpvZ+M=
-26,-23,UtW0p3kbM7iUdNGMCEWtzBs8TkA=,QsK3aiPwHV6YlMiOlbikLc3fv0s=
-26,-14,UtW0p3kbM7iUdNGMCEWtzBs8TkA=,PY+KTVA/7p/WLU3Y74mEOQgWuYY=
-26,-16,UtW0p3kbM7iUdNGMCEWtzBs8TkA=,PY+KTVA/7p/WLU3Y74mEOQgWuYY=
-26,-15,UtW0p3kbM7iUdNGMCEWtzBs8TkA=,PY+KTVA/7p/WLU3Y74mEOQgWuYY=
-27,-27,UtW0p3kbM7iUdNGMCEWtzBs8TkA=,DZ3bnbEMe8R9xzkUygmScBocqNU=
-27,-28,UtW0p3kbM7iUdNGMCEWtzBs8TkA=,yyqjdB3jrhvv+BDAduyQG32XL1A=
-27,-25,UtW0p3kbM7iUdNGMCEWtzBs8TkA=,e57o/K5cznNe4Yq0Tu1u9oc1XV4=
-27,-26,UtW0p3kbM7iUdNGMCEWtzBs8TkA=,JdfEG17iLwpB8mpDXfaLoBftrx4=
-27,-31,UtW0p3kbM7iUdNGMCEWtzBs8TkA=,bRLP9Tq4I6s8ixO3zAsOuSTAH2Y=
-27,-32,UtW0p3kbM7iUdNGMCEWtzBs8TkA=,ZHrb2obnEF7J9OeCn7POL1TbPeA=
-27,-29,UtW0p3kbM7iUdNGMCEWtzBs8TkA=,Awq46OpQhFU+jxvbg7w/XtTdHpY=
-27,-30,UtW0p3kbM7iUdNGMCEWtzBs8TkA=,Awq46OpQhFU+jxvbg7w/XtTdHpY=
-27,-19,UtW0p3kbM7iUdNGMCEWtzBs8TkA=,YC3WRYQms9uLPSrer1+WGcb5AN4=
-27,-20,UtW0p3kbM7iUdNGMCEWtzBs8TkA=,h3ZjRNFcSxfX6xp24jtL1aa76YA=
-27,-17,UtW0p3kbM7iUdNGMCEWtzBs8TkA=,0/XK1I7OcFvMNK193xVr/KPARos=
-27,-18,UtW0p3kbM7iUdNGMCEWtzBs8TkA=,UIIjyaRiI2u5q4wPwYsB3RR8S7U=
-27,-23,UtW0p3kbM7iUdNGMCEWtzBs8TkA=,sZ9LojipxuIh5TC39wtk7tKARoM=
-27,-24,UtW0p3kbM7iUdNGMCEWtzBs8TkA=,DyTColkf4SZnWORpofgQUW6br0o=
-27,-21,UtW0p3kbM7iUdNGMCEWtzBs8TkA=,BJ57XLIkDtyWVG2vykc1X5fIPnY=
-27,-22,UtW0p3kbM7iUdNGMCEWtzBs8TkA=,yR4GkLW+fbq2xj3YIDYD3vAMTBg=
-27,-15,UtW0p3kbM7iUdNGMCEWtzBs8TkA=,4J6czhVlCULvz1j3XaSbNuO7cDw=
-27,-16,UtW0p3kbM7iUdNGMCEWtzBs8TkA=,PY+KTVA/7p/WLU3Y74mEOQgWuYY=
-27,-14,UtW0p3kbM7iUdNGMCEWtzBs8TkA=,vSGUhphiUKC7GniTIqqw4+HcxlM=
-28,-28,UtW0p3kbM7iUdNGMCEWtzBs8TkA=,Zj+nyzed/5CdIaon1I4o9xokRZ8=
-28,-27,UtW0p3kbM7iUdNGMCEWtzBs8TkA=,bNofrodxpIrM+VMZ4HVVlO9gk7M=
-28,-26,UtW0p3kbM7iUdNGMCEWtzBs8TkA=,cHo9DDS/YZX5cbTv7jztDfs9ve8=
-28,-25,UtW0p3kbM7iUdNGMCEWtzBs8TkA=,Uzs+fikgOBNxF5iapJ5e33JxmFA=
-28,-32,UtW0p3kbM7iUdNGMCEWtzBs8TkA=,PQIrEBUkBjz9s73U7s92UQgwC7c=
-28,-31,UtW0p3kbM7iUdNGMCEWtzBs8TkA=,/73PFLLiP/mGm0vLLuL2PDRVK2A=
-28,-30,UtW0p3kbM7iUdNGMCEWtzBs8TkA=,OmjPB+DwKLlfokmC3jEI2nzKxMg=
-28,-29,UtW0p3kbM7iUdNGMCEWtzBs8TkA=,xnPAMCluhDBf3dyjFTBmu86NoWg=
-28,-20,UtW0p3kbM7iUdNGMCEWtzBs8TkA=,8qKcftPakQCBlrO0E7TqEKbCLPM=
-28,-19,UtW0p3kbM7iUdNGMCEWtzBs8TkA=,Jim+/wrHT/0p8W41KtJThhgdXCQ=
-28,-18,UtW0p3kbM7iUdNGMCEWtzBs8TkA=,XzQYZdLnn75x01rhgQY9o4UcY9w=
-28,-17,UtW0p3kbM7iUdNGMCEWtzBs8TkA=,gnbg5fu8JMJ2YrWONeUlE0Ndk3k=
-28,-24,UtW0p3kbM7iUdNGMCEWtzBs8TkA=,ekUokkiWRLOwLhr3gVz8x4JUAA8=
-28,-23,UtW0p3kbM7iUdNGMCEWtzBs8TkA=,x3Z7YzjrzYWPTnuduvTvZpNTp44=
-28,-22,UtW0p3kbM7iUdNGMCEWtzBs8TkA=,rE+NAx+lCnEgGrKvv89+Zg0k/Sc=
-28,-21,UtW0p3kbM7iUdNGMCEWtzBs8TkA=,54kuIoIzKe9LINFzpUSxh1FoNoQ=
-28,-16,UtW0p3kbM7iUdNGMCEWtzBs8TkA=,4J6czhVlCULvz1j3XaSbNuO7cDw=
-28,-15,UtW0p3kbM7iUdNGMCEWtzBs8TkA=,pHhM88RHQS4Jj+VNV87wa/B/tCs=
-28,-14,UtW0p3kbM7iUdNGMCEWtzBs8TkA=,7MiCHDho5YkhAFrMUt1TgZX70QE=
-29,-29,OWFtZMcm95jsJt78NsmM2yaNmAk=,v6pHAswjSp+9kiqWjvU7VajZ8tU=
-29,-30,OWFtZMcm95jsJt78NsmM2yaNmAk=,8pYCOa84nXhDhN7DDxwsZyHH8lk=
-29,-31,OWFtZMcm95jsJt78NsmM2yaNmAk=,t8hWR+ulnkWXOMHwiOfqjjNdZNM=
-29,-32,OWFtZMcm95jsJt78NsmM2yaNmAk=,7U7D2JZhj5hhq0PNinZsoZc3KHI=
-29,-25,OWFtZMcm95jsJt78NsmM2yaNmAk=,fINTCrT1QynSE1BSFabatt3E6Zk=
-29,-26,OWFtZMcm95jsJt78NsmM2yaNmAk=,cJYWYieqIntQjMonLmn/M+EH4yM=
-29,-27,OWFtZMcm95jsJt78NsmM2yaNmAk=,ePfH6vRHOqxiN9dJiWwajHmdW7A=
-29,-28,OWFtZMcm95jsJt78NsmM2yaNmAk=,bjBzWzTdd6bla4PyxQwW8CHddeo=
-29,-21,OWFtZMcm95jsJt78NsmM2yaNmAk=,dROtYgiAhIwXLCS3vhzLhGW/ZuQ=
-29,-22,OWFtZMcm95jsJt78NsmM2yaNmAk=,GM7Pu3QV1dBIeHHMuDt7hsL/id4=
-29,-23,OWFtZMcm95jsJt78NsmM2yaNmAk=,90CHpu3PVV4LIaXsXV3GHwJfnWg=
-29,-24,OWFtZMcm95jsJt78NsmM2yaNmAk=,6IhDfZTRcs+R2I85Jsy+vkirzpw=
-29,-17,OWFtZMcm95jsJt78NsmM2yaNmAk=,gnbg5fu8JMJ2YrWONeUlE0Ndk3k=
-29,-18,OWFtZMcm95jsJt78NsmM2yaNmAk=,XzQYZdLnn75x01rhgQY9o4UcY9w=
-29,-19,OWFtZMcm95jsJt78NsmM2yaNmAk=,Kd7XNowiTlV19mTzZoVejlys4es=
-29,-20,OWFtZMcm95jsJt78NsmM2yaNmAk=,BNyec3RiTvspIbcVlltUN3nKFxM=
-29,-14,OWFtZMcm95jsJt78NsmM2yaNmAk=,7MiCHDho5YkhAFrMUt1TgZX70QE=
-29,-15,OWFtZMcm95jsJt78NsmM2yaNmAk=,63vTBlTyHIfcoOIXrU1EUH6/rdI=
-29,-16,OWFtZMcm95jsJt78NsmM2yaNmAk=,eYqEdzQydFXEt2SAvaj5wrJRSfk=
-30,-30,OWFtZMcm95jsJt78NsmM2yaNmAk=,A9Fn+WRSdlAbuOkXKw7KgsalCn0=
-30,-29,OWFtZMcm95jsJt78NsmM2yaNmAk=,Z8TPMz5bvBiHNBNFQg8eVCJhPUo=
-30,-32,OWFtZMcm95jsJt78NsmM2yaNmAk=,9nmQ3vcdua/XT/JMKTEneqDVhgQ=
-30,-31,OWFtZMcm95jsJt78NsmM2yaNmAk=,xt1tvu671eNCMv2oXmItwayxSFI=
-30,-26,OWFtZMcm95jsJt78NsmM2yaNmAk=,lw6zFcyNvfvqTC1LkB1B+PDxWXg=
-30,-25,OWFtZMcm95jsJt78NsmM2yaNmAk=,II2HvE4zEaVmlrDyoiS8Oreziog=
-30,-28,OWFtZMcm95jsJt78NsmM2yaNmAk=,UOTEiHWIcgXss/iVZWDxsNeHFDk=
-30,-27,OWFtZMcm95jsJt78NsmM2yaNmAk=,UOTEiHWIcgXss/iVZWDxsNeHFDk=
-30,-22,OWFtZMcm95jsJt78NsmM2yaNmAk=,F88m8a06RulxUDD8qo9tcDQvPmU=
-30,-21,OWFtZMcm95jsJt78NsmM2yaNmAk=,lHuHaq9t7JkWJOzC2VAaNLsT144=
-30,-24,OWFtZMcm95jsJt78NsmM2yaNmAk=,oYsLkPCwD4vGtgVxP9tWcqIFr/A=
-30,-23,OWFtZMcm95jsJt78NsmM2yaNmAk=,b0mPEcJZa+Y8xGAHDxGWn0IvWrk=
-30,-18,OWFtZMcm95jsJt78NsmM2yaNmAk=,Bj4yp9YdlhXeQkc4rRykuKLZClE=
-30,-17,OWFtZMcm95jsJt78NsmM2yaNmAk=,de2z3tJUtm3jvEyMMJvPZPPPCM4=
-30,-20,OWFtZMcm95jsJt78NsmM2yaNmAk=,lY49SgvtQwKPJ9PbnbzIoWzI5ME=
-30,-19,OWFtZMcm95jsJt78NsmM2yaNmAk=,32ZUR+3qkyhn6buuATL32ELJZIs=
-30,-14,OWFtZMcm95jsJt78NsmM2yaNmAk=,9uirgQ0cyb6qF8Hndl/Hevrpbbo=
-30,-16,OWFtZMcm95jsJt78NsmM2yaNmAk=,wiANCBd1plFz6TfX+T2DIiXfm/c=
-30,-15,OWFtZMcm95jsJt78NsmM2yaNmAk=,c6ANNpvqyUMKNLyJi0gLSIw+Zj4=
-31,-31,OWFtZMcm95jsJt78NsmM2yaNmAk=,hx4EqE3Ug5X98dvhAMZB3EjJrpY=
-31,-32,OWFtZMcm95jsJt78NsmM2yaNmAk=,nb0PZd4f3/Xc/BQFvCnU633WW0M=
-31,-29,OWFtZMcm95jsJt78NsmM2yaNmAk=,ElgbxK8wPl11ARDUxz3GVy86vIM=
-31,-30,OWFtZMcm95jsJt78NsmM2yaNmAk=,hlVlEPAT8odhfdFandie9ygg9Z0=
-31,-27,OWFtZMcm95jsJt78NsmM2yaNmAk=,rtFh4BeKNvM/qAO/a+jYJHT7TDE=
-31,-28,OWFtZMcm95jsJt78NsmM2yaNmAk=,+R0bgr370j600HEWZWTaQiMK5JE=
-31,-25,OWFtZMcm95jsJt78NsmM2yaNmAk=,hlBFzPvD9m3oWfCULjsZHpnVFk4=
-31,-26,OWFtZMcm95jsJt78NsmM2yaNmAk=,hyXZH6uOhZMxozy5QpRkOl2GsbY=
-31,-23,OWFtZMcm95jsJt78NsmM2yaNmAk=,eg/3KS6kkqW8FKd/L36t+4lQCD8=
-31,-24,OWFtZMcm95jsJt78NsmM2yaNmAk=,LELLHp7c7+b6EdSGcoTIW03KrAQ=
-31,-21,OWFtZMcm95jsJt78NsmM2yaNmAk=,mlOlrmwfY6ULOGRX/ogdzsaFnHg=
-31,-22,OWFtZMcm95jsJt78NsmM2yaNmAk=,+pMNzkjeb5n7GTqV6C/A8/oVJvg=
-31,-19,OWFtZMcm95jsJt78NsmM2yaNmAk=,pKY9Xfp2EPyJGiDkDYoaf47zX0I=
-31,-20,OWFtZMcm95jsJt78NsmM2yaNmAk=,JkrfX4DxnUaWLjJgDuyXKqAsMLY=
-31,-17,OWFtZMcm95jsJt78NsmM2yaNmAk=,rINooD/8mJgdOBX5Xj91T5FgZYY=
-31,-18,OWFtZMcm95jsJt78NsmM2yaNmAk=,hPyJyFBn1p7UL9s+uHajmm+gdbQ=
-31,-15,OWFtZMcm95jsJt78NsmM2yaNmAk=,saFuB+jt1lEKyj17nZAPWQDSa0Q=
-31,-16,OWFtZMcm95jsJt78NsmM2yaNmAk=,4IHssfNdepIas9/WdAkSI2aICNY=
-31,-14,OWFtZMcm95jsJt78NsmM2yaNmAk=,Aj/dsNGPaZ+E+riRfW10ysD3vfs=
-32,-32,p42jfzBozAzIZsVMv5upQlngS1c=,TvpY2nc/6i+OJbk2EBzP7ofKN0c=
-32,-31,p42jfzBozAzIZsVMv5upQlngS1c=,F9Q5GWBNyskfX3qOf08wx7qGhmU=
-32,-30,p42jfzBozAzIZsVMv5upQlngS1c=,UydUGZSyZgLjxOy8AGLPCH/z7Zc=
-32,-29,p42jfzBozAzIZsVMv5upQlngS1c=,EdPI3x1bLkpgDEaBws1qgu7URSc=
-32,-28,p42jfzBozAzIZsVMv5upQlngS1c=,WvLcyzk4dK1uCIm0+g8ZLDmWjJ4=
-32,-27,p42jfzBozAzIZsVMv5upQlngS1c=,la7+9FxPZEMIS+emMRDCNW59rb4=
-32,-26,p42jfzBozAzIZsVMv5upQlngS1c=,R00tURH963+AifxItdO+zM77u/Q=
-32,-25,p42jfzBozAzIZsVMv5upQlngS1c=,eQsFxSYQpXsN2RZsL+dnySDqok8=
-32,-24,p42jfzBozAzIZsVMv5upQlngS1c=,pqnSOoZK/VvhtzWzQb+1BgTTDtA=
-32,-23,p42jfzBozAzIZsVMv5upQlngS1c=,LELLHp7c7+b6EdSGcoTIW03KrAQ=
-32,-22,p42jfzBozAzIZsVMv5upQlngS1c=,ntTybTia8pz3tUS/3oKL9N/Oe+Y=
-32,-21,p42jfzBozAzIZsVMv5upQlngS1c=,RLFLUc8y33jeIg9M/7O2kgkkknU=
-32,-20,p42jfzBozAzIZsVMv5upQlngS1c=,yvRYEAB4XEeD29VmHTZNq8/BYc4=
-32,-19,p42jfzBozAzIZsVMv5upQlngS1c=,NFeBkIDZnZiIB0gTUNdWjZRAjf4=
-32,-18,p42jfzBozAzIZsVMv5upQlngS1c=,0qVqRCES1iSJ3+Lp0Ybk8npSc04=
-32,-17,p42jfzBozAzIZsVMv5upQlngS1c=,4909UdoNHiF0T2xhftB3gKsRmMc=
-32,-16,p42jfzBozAzIZsVMv5upQlngS1c=,e2AXXp64cv15eOFmHJXP4Bge5cg=
-32,-15,p42jfzBozAzIZsVMv5upQlngS1c=,Aj/dsNGPaZ+E+riRfW10ysD3vfs=
-32,-14,p42jfzBozAzIZsVMv5upQlngS1c=,PY+KTVA/7p/WLU3Y74mEOQgWuYY=
